initialPosX,initialPosZ,finalPosX,finalPosZ,RobotPoseX,RobotPoseZ,RobotPoseRot,MinObstacleAngle,MinObstacleDistance,
-4500,-2000,-400,-2000,-4500,-1999.73,0.0045135,-1.344,1145.63,
-4500,-2000,-400,-2000,-4499.92,-1996.5,0.0577088,2.058,780.116,
-4500,-2000,-400,-2000,-4499.62,-1992.93,0.116683,2.058,780.116,
-4500,-2000,-400,-2000,-4498.96,-1988.49,0.181886,1.974,770.308,
-4500,-2000,-400,-2000,-4498.32,-1984.26,0.111416,1.974,770.308,
-4500,-2000,-400,-2000,-4497.96,-1979.85,0.0385478,2.016,780.484,
-4500,-2000,-400,-2000,-4497.92,-1976.27,-0.0204862,2.016,780.484,
-4500,-2000,-400,-2000,-4498.18,-1971.47,-0.0996742,1.932,877.624,
-4500,-2000,-400,-2000,-4498.78,-1966.99,-0.174037,1.932,877.624,
-4500,-2000,-400,-2000,-4499.53,-1963.29,-0.236367,2.058,903.942,
-4500,-2000,-400,-2000,-4500.51,-1959.67,-0.298109,2.058,903.942,
-4500,-2000,-400,-2000,-4502.2,-1954.81,-0.382904,1.218,988.869,
-4500,-2000,-400,-2000,-4504.02,-1950.69,-0.45709,1.218,988.869,
-4500,-2000,-400,-2000,-4506.19,-1946.63,-0.532916,1.386,1006.8,
-4500,-2000,-400,-2000,-4507.97,-1943.76,-0.58848,1.386,1006.8,
-4500,-2000,-400,-2000,-4511,-1939.58,-0.67354,1.512,1055.85,
-4500,-2000,-400,-2000,-4513.31,-1936.82,-0.73285,1.512,1055.85,
-4500,-2000,-400,-2000,-4516.34,-1933.66,-0.804941,1.68,1063.57,
-4500,-2000,-400,-2000,-4518.76,-1931.44,-0.859071,1.68,1063.57,
-4500,-2000,-400,-2000,-4522.33,-1928.56,-0.934706,1.806,1104.57,
-4500,-2000,-400,-2000,-4525.96,-1926.06,-1.00724,1.806,1104.57,
-4500,-2000,-400,-2000,-4529.89,-1923.75,-1.08231,1.974,1120.37,
-4500,-2000,-400,-2000,-4533.37,-1922.03,-1.14627,1.974,1120.37,
-4500,-2000,-400,-2000,-4537.36,-1920.37,-1.21748,2.1,1156.22,
-4500,-2000,-400,-2000,-4541.26,-1919.06,-1.28538,2.1,1156.22,
-4500,-2000,-400,-2000,-4546.01,-1917.85,-1.3661,-0.252,1214.47,
-4500,-2000,-400,-2000,-4549.95,-1917.15,-1.432,-0.252,1214.47,
-4500,-2000,-400,-2000,-4554.78,-1916.65,-1.51201,-0.0840001,1199.64,
-4500,-2000,-400,-2000,-4558.39,-1916.53,4.7117,-0.0840001,1199.64,
-4500,-2000,-400,-2000,-4562.68,-1916.67,4.64103,0.0419999,1188.81,
-4500,-2000,-400,-2000,-4566.82,-1917.09,4.57253,0.0419999,1188.81,
-4500,-2000,-400,-2000,-4570.82,-1917.77,4.50558,0.168,1182.09,
-4500,-2000,-400,-2000,-4574.74,-1918.71,4.43922,0.168,1182.09,
-4500,-2000,-400,-2000,-4578.48,-1919.87,4.3748,0.336,1179.46,
-4500,-2000,-400,-2000,-4582.72,-1921.52,4.29983,0.336,1179.46,
-4500,-2000,-400,-2000,-4586.92,-1923.53,4.22316,0.462,1180.66,
-4500,-2000,-400,-2000,-4591.3,-1926.08,4.13968,0.462,1180.66,
-4500,-2000,-400,-2000,-4594.09,-1927.97,4.084,0.588,1186.59,
-4500,-2000,-400,-2000,-4597.97,-1931.01,4.00296,0.588,1186.59,
-4500,-2000,-400,-2000,-4600.72,-1933.5,3.94172,0.756,1195.88,
-4500,-2000,-400,-2000,-4603.99,-1936.9,3.86406,0.756,1195.88,
-4500,-2000,-400,-2000,-4606.89,-1940.43,3.78874,-2.058,954.595,
-4500,-2000,-400,-2000,-4609.04,-1943.43,3.72791,-2.058,954.595,
-4500,-2000,-400,-2000,-4611.46,-1947.35,3.65201,-2.016,922.968,
-4500,-2000,-400,-2000,-4613.57,-1951.42,3.57654,-2.016,922.968,
-4500,-2000,-400,-2000,-4615.22,-1955.28,3.50736,-1.89,900.691,
-4500,-2000,-400,-2000,-4616.47,-1958.81,3.44573,-1.89,900.691,
-4500,-2000,-400,-2000,-4617.73,-1963.41,3.36712,-1.764,876.619,
-4500,-2000,-400,-2000,-4618.48,-1967.1,3.30517,-1.764,876.619,
-4500,-2000,-400,-2000,-4619.07,-1971.6,3.23035,-1.638,850.011,
-4500,-2000,-400,-2000,-4619.32,-1976.01,3.15756,-1.638,850.011,
-4500,-2000,-400,-2000,-4619.26,-1980.2,3.08856,-1.512,822.232,
-4500,-2000,-400,-2000,-4618.98,-1983.74,3.03002,-1.512,822.232,
-4500,-2000,-400,-2000,-4618.31,-1988.31,2.95403,-1.386,792.404,
-4500,-2000,-400,-2000,-4617.47,-1992.13,2.88956,-1.386,792.404,
-4500,-2000,-400,-2000,-4616.16,-1996.6,2.81282,-1.26,764.562,
-4500,-2000,-400,-2000,-4614.75,-2000.36,2.74671,-1.26,764.562,
-4500,-2000,-400,-2000,-4612.85,-2004.54,2.67102,-1.134,735.941,
-4500,-2000,-400,-2000,-4610.94,-2008.04,2.60531,-1.134,735.941,
-4500,-2000,-400,-2000,-4608.13,-2012.4,2.51996,-1.008,706.5,
-4500,-2000,-400,-2000,-4605.83,-2015.43,2.45718,-1.008,706.5,
-4500,-2000,-400,-2000,-4603.12,-2018.56,2.38908,-0.84,676.321,
-4500,-2000,-400,-2000,-4600.09,-2021.6,2.31835,-0.84,676.321,
-4500,-2000,-400,-2000,-4597,-2024.3,2.25697,-0.672,650.278,
-4500,-2000,-400,-2000,-4593.48,-2027.38,2.33391,-0.672,650.278,
-4500,-2000,-400,-2000,-4589.94,-2031.04,2.41781,-0.798,657.739,
-4500,-2000,-400,-2000,-4588.07,-2033.24,2.46541,-0.798,657.739,
-4500,-2000,-400,-2000,-4584.9,-2037.53,2.55328,-0.924,674.742,
-4500,-2000,-400,-2000,-4583.04,-2040.46,2.61038,-0.924,674.742,
-4500,-2000,-400,-2000,-4580.65,-2044.89,2.69337,-1.092,695.806,
-4500,-2000,-400,-2000,-4578.73,-2049.27,2.77216,-1.092,695.806,
-4500,-2000,-400,-2000,-4577.49,-2052.72,2.83256,-1.218,717.995,
-4500,-2000,-400,-2000,-4576.42,-2056.41,2.8958,-1.218,717.995,
-4500,-2000,-400,-2000,-4575.36,-2061.44,2.98058,-1.386,744.418,
-4500,-2000,-400,-2000,-4574.82,-2065.56,3.04896,-1.386,744.418,
-4500,-2000,-400,-2000,-4574.55,-2069.82,3.11925,-1.512,770.423,
-4500,-2000,-400,-2000,-4574.6,-2074.22,3.19186,-1.512,770.423,
-4500,-2000,-400,-2000,-4574.96,-2078.6,3.26427,-1.68,800.857,
-4500,-2000,-400,-2000,-4575.54,-2082.48,3.32886,-1.68,800.857,
-4500,-2000,-400,-2000,-4576.94,-2088.36,3.42847,-1.806,830.479,
-4500,-2000,-400,-2000,-4578.08,-2091.89,3.48949,-1.806,830.479,
-4500,-2000,-400,-2000,-4579.49,-2095.48,3.55306,-1.932,860.297,
-4500,-2000,-400,-2000,-4581.17,-2099.03,3.61777,-1.932,860.297,
-4500,-2000,-400,-2000,-4583.47,-2103.13,3.69519,-2.058,889.937,
-4500,-2000,-400,-2000,-4585.68,-2106.49,3.76141,-2.058,889.937,
-4500,-2000,-400,-2000,-4588.05,-2109.63,3.81929,0.924,1231.58,
-4500,-2000,-400,-2000,-4590.84,-2113.35,3.74276,0.924,1231.58,
-4500,-2000,-400,-2000,-4593.36,-2117.3,3.6656,1.008,1242.32,
-4500,-2000,-400,-2000,-4595.23,-2120.76,3.60081,1.008,1242.32,
-4500,-2000,-400,-2000,-4597.27,-2125.29,3.51889,-2.016,884.57,
-4500,-2000,-400,-2000,-4598.53,-2128.74,3.45834,-2.016,884.57,
-4500,-2000,-400,-2000,-4599.68,-2132.61,3.39196,-1.89,862.574,
-4500,-2000,-400,-2000,-4600.55,-2136.46,3.32687,-1.89,862.574,
-4500,-2000,-400,-2000,-4601.23,-2140.93,3.25238,-1.764,838.193,
-4500,-2000,-400,-2000,-4601.58,-2145.28,3.18043,-1.764,838.193,
-4500,-2000,-400,-2000,-4601.62,-2149.45,3.11185,-1.638,810.746,
-4500,-2000,-400,-2000,-4601.42,-2153.02,3.05282,-1.638,810.746,
-4500,-2000,-400,-2000,-4600.87,-2157.49,2.97863,-1.512,783.569,
-4500,-2000,-400,-2000,-4600.05,-2161.67,2.90855,-1.512,783.569,
-4500,-2000,-400,-2000,-4599.01,-2165.55,2.84234,-1.386,755.633,
-4500,-2000,-400,-2000,-4597.56,-2169.77,2.76881,-1.386,755.633,
-4500,-2000,-400,-2000,-4595.42,-2174.67,2.68076,-1.26,726.837,
-4500,-2000,-400,-2000,-4594.04,-2177.32,2.63155,-1.26,726.837,
-4500,-2000,-400,-2000,-4591.81,-2181.02,2.56032,-1.092,694.636,
-4500,-2000,-400,-2000,-4589.21,-2184.72,2.48591,-1.092,694.636,
-4500,-2000,-400,-2000,-4586.25,-2188.31,2.40918,-0.966,667.159,
-4500,-2000,-400,-2000,-4583.82,-2190.88,2.36885,-0.966,667.159,
-4500,-2000,-400,-2000,-4580.72,-2194.27,2.44463,-0.924,655.822,
-4500,-2000,-400,-2000,-4578.36,-2197.25,2.5072,-0.924,655.822,
-4500,-2000,-400,-2000,-4575.41,-2201.6,2.59379,-1.092,676.028,
-4500,-2000,-400,-2000,-4573.55,-2204.85,2.65555,-1.092,676.028,
-4500,-2000,-400,-2000,-4571.44,-2209.2,2.73511,-1.26,699.839,
-4500,-2000,-400,-2000,-4570.02,-2212.77,2.79842,-1.26,699.839,
-4500,-2000,-400,-2000,-4568.52,-2217.5,2.88009,-1.428,726.186,
-4500,-2000,-400,-2000,-4567.51,-2221.86,2.95385,-1.428,726.186,
-4500,-2000,-400,-2000,-4566.86,-2225.93,3.02173,-1.596,756.155,
-4500,-2000,-400,-2000,-4566.51,-2229.62,3.08287,-1.596,756.155,
-4500,-2000,-400,-2000,-4566.39,-2233.62,3.14879,-1.722,781.762,
-4500,-2000,-400,-2000,-4566.55,-2237.77,3.21712,-1.722,781.762,
-4500,-2000,-400,-2000,-4567,-2242.02,3.28757,-1.89,814.419,
-4500,-2000,-400,-2000,-4567.76,-2246.23,3.35809,-1.89,814.419,
-4500,-2000,-400,-2000,-4568.85,-2250.53,3.4311,-2.016,841.497,
-4500,-2000,-400,-2000,-4570.13,-2254.41,3.49844,-2.016,841.497,
-4500,-2000,-400,-2000,-4571.87,-2258.63,3.57369,1.176,1290.87,
-4500,-2000,-400,-2000,-4573.51,-2261.96,3.63477,1.176,1290.87,
-4500,-2000,-400,-2000,-4575.97,-2266.17,3.71512,1.008,1262.65,
-4500,-2000,-400,-2000,-4577.96,-2269.09,3.77346,1.008,1262.65,
-4500,-2000,-400,-2000,-4580.67,-2272.55,3.8458,0.882,1235.66,
-4500,-2000,-400,-2000,-4583.8,-2275.99,3.90143,0.882,1235.66,
-4500,-2000,-400,-2000,-4586.49,-2278.99,3.83507,0.84,1223.85,
-4500,-2000,-400,-2000,-4589.11,-2282.35,3.76482,0.84,1223.85,
-4500,-2000,-400,-2000,-4591.74,-2286.29,3.68687,1.008,1240.53,
-4500,-2000,-400,-2000,-4593.48,-2289.33,3.62905,1.008,1240.53,
-4500,-2000,-400,-2000,-4595.67,-2293.86,3.54628,1.134,1260.61,
-4500,-2000,-400,-2000,-4597.05,-2297.31,3.48499,1.134,1260.61,
-4500,-2000,-400,-2000,-4598.24,-2300.97,3.42172,1.26,1282.33,
-4500,-2000,-400,-2000,-4599.3,-2305.15,3.35066,1.26,1282.33,
-4500,-2000,-400,-2000,-4600.1,-2309.66,3.27511,-1.974,864.766,
-4500,-2000,-400,-2000,-4600.49,-2313.26,3.21548,-1.974,864.766,
-4500,-2000,-400,-2000,-4600.67,-2317.55,3.1447,-1.848,839.97,
-4500,-2000,-400,-2000,-4600.51,-2322.51,3.06301,-1.848,839.97,
-4500,-2000,-400,-2000,-4600.06,-2326.63,2.99474,-1.722,817.745,
-4500,-2000,-400,-2000,-4599.26,-2331.03,2.92113,-1.722,817.745,
-4500,-2000,-400,-2000,-4598.19,-2335.19,2.85025,-1.596,786.556,
-4500,-2000,-400,-2000,-4596.7,-2339.62,2.77332,-1.596,786.556,
-4500,-2000,-400,-2000,-4595.25,-2343.09,2.71139,-1.47,758.696,
-4500,-2000,-400,-2000,-4593.43,-2346.77,2.64384,-1.47,758.696,
-4500,-2000,-400,-2000,-4591.06,-2350.8,2.56682,-1.344,731.064,
-4500,-2000,-400,-2000,-4589.28,-2353.42,2.5145,-1.344,731.064,
-4500,-2000,-400,-2000,-4586.3,-2357.24,2.4379,-1.218,704.158,
-4500,-2000,-400,-2000,-4583.88,-2360.27,2.50186,-1.218,704.158,
-4500,-2000,-400,-2000,-4581.29,-2363.99,2.57644,-1.344,723.987,
-4500,-2000,-400,-2000,-4499.75,-1994.21,0.0955718,-1.344,723.987,
-4500,-2000,-400,-2000,-4499.37,-1991.05,0.133526,1.974,764.904,
-4500,-2000,-400,-2000,-4498.99,-1987.58,0.0760448,1.974,764.904,
-4500,-2000,-400,-2000,-4498.79,-1982.74,-0.00388198,2.058,791.165,
-4500,-2000,-400,-2000,-4498.91,-1979.03,-0.064917,2.058,791.165,
-4500,-2000,-400,-2000,-4499.4,-1974.13,-0.146117,1.974,887.438,
-4500,-2000,-400,-2000,-4500.2,-1969.71,-0.220104,1.974,887.438,
-4500,-2000,-400,-2000,-4501.3,-1965.42,-0.292988,2.1,913.901,
-4500,-2000,-400,-2000,-4502.65,-1961.41,-0.362732,2.1,913.901,
-4500,-2000,-400,-2000,-4504.35,-1957.3,-0.43601,1.26,1008.52,
-4500,-2000,-400,-2000,-4506.21,-1953.6,-0.504199,1.26,1008.52,
-4500,-2000,-400,-2000,-4508.24,-1950.16,-0.569982,1.428,1024.93,
-4500,-2000,-400,-2000,-4510.68,-1946.61,-0.641058,1.428,1024.93,
-4500,-2000,-400,-2000,-4513.76,-1942.77,-0.722119,1.596,1050.76,
-4500,-2000,-400,-2000,-4516.55,-1939.79,-0.789423,1.596,1050.76,
-4500,-2000,-400,-2000,-4519.96,-1936.62,-0.866071,1.722,1090.41,
-4500,-2000,-400,-2000,-4523.31,-1933.95,-0.936561,1.722,1090.41,
-4500,-2000,-400,-2000,-4526.53,-1931.72,-1.00119,1.89,1106.69,
-4500,-2000,-400,-2000,-4530.38,-1929.42,-1.07504,1.89,1106.69,
-4500,-2000,-400,-2000,-4534.23,-1927.5,-1.1459,2.016,1155.41,
-4500,-2000,-400,-2000,-4537.65,-1926.06,-1.2071,2.016,1155.41,
-4500,-2000,-400,-2000,-4542.2,-1924.5,-1.2862,-0.336,1223.85,
-4500,-2000,-400,-2000,-4546.1,-1923.48,-1.3526,-0.336,1223.85,
-4500,-2000,-400,-2000,-4550.74,-1922.62,-1.43035,-0.168,1206.5,
-4500,-2000,-400,-2000,-4555.53,-1922.12,-1.50973,-0.168,1206.5,
-4500,-2000,-400,-2000,-4559.16,-1921.99,-1.56955,-0.0420001,1192.91,
-4500,-2000,-400,-2000,-4563.11,-1922.1,4.64847,-0.0420001,1192.91,
-4500,-2000,-400,-2000,-4568.01,-1922.59,4.56737,0.126,1184.55,
-4500,-2000,-400,-2000,-4571.54,-1923.19,4.5085,0.126,1184.55,
-4500,-2000,-400,-2000,-4575.55,-1924.15,4.44044,0.252,1179.34,
-4500,-2000,-400,-2000,-4579.63,-1925.42,4.37017,0.252,1179.34,
-4500,-2000,-400,-2000,-4584.07,-1927.19,4.29148,0.378,1178.46,
-4500,-2000,-400,-2000,-4587.2,-1928.68,4.23431,0.378,1178.46,
-4500,-2000,-400,-2000,-4590.92,-1930.76,4.16401,0.546,1182.02,
-4500,-2000,-400,-2000,-4594.36,-1933,4.09641,0.546,1182.02,
-4500,-2000,-400,-2000,-4597.71,-1935.53,4.02725,0.672,1189.16,
-4500,-2000,-400,-2000,-4600.96,-1938.35,3.95646,0.672,1189.16,
-4500,-2000,-400,-2000,-4603.93,-1941.33,3.88708,0.798,1199.66,
-4500,-2000,-400,-2000,-4606.42,-1944.18,3.82476,0.798,1199.66,
-4500,-2000,-400,-2000,-4609.66,-1948.5,3.73573,-2.058,942.456,
-4500,-2000,-400,-2000,-4611.48,-1951.34,3.68033,-2.058,942.456,
-4500,-2000,-400,-2000,-4613.86,-1955.66,3.59892,-1.974,916.685,
-4500,-2000,-400,-2000,-4615.66,-1959.64,3.52708,-1.974,916.685,
-4500,-2000,-400,-2000,-4617.38,-1964.37,3.44411,-1.848,893.175,
-4500,-2000,-400,-2000,-4618.37,-1967.87,3.38421,-1.848,893.175,
-4500,-2000,-400,-2000,-4619.23,-1971.81,3.31774,-1.764,867.993,
-4500,-2000,-400,-2000,-4619.78,-1975.42,3.25764,-1.764,867.993,
-4500,-2000,-400,-2000,-4620.16,-1980.12,3.18,-1.638,841.058,
-4500,-2000,-400,-2000,-4620.21,-1983.65,3.12181,-1.638,841.058,
-4500,-2000,-400,-2000,-4619.96,-1988.25,3.04591,-1.512,814.03,
-4500,-2000,-400,-2000,-4619.4,-1992.65,2.97288,-1.512,814.03,
-4500,-2000,-400,-2000,-4618.67,-1996.31,2.91131,-1.344,784.735,
-4500,-2000,-400,-2000,-4617.63,-2000.23,2.84457,-1.344,784.735,
-4500,-2000,-400,-2000,-4616.44,-2003.8,2.78256,-1.218,757.585,
-4500,-2000,-400,-2000,-4614.52,-2008.38,2.70067,-1.218,757.585,
-4500,-2000,-400,-2000,-4612.14,-2012.97,2.6156,-1.092,727.188,
-4500,-2000,-400,-2000,-4610.47,-2015.71,2.56264,-1.092,727.188,
-4500,-2000,-400,-2000,-4607.61,-2019.77,2.48084,-0.966,698.584,
-4500,-2000,-400,-2000,-4605.67,-2022.15,2.4303,-0.966,698.584,
-4500,-2000,-400,-2000,-4602.02,-2026.06,2.34218,-0.798,670.475,
-4500,-2000,-400,-2000,-4599.48,-2028.42,2.28509,-0.798,670.475,
-4500,-2000,-400,-2000,-4596.01,-2031.23,2.21154,-0.63,645.251,
-4500,-2000,-400,-2000,-4592.82,-2033.48,2.14723,-0.63,645.251,
-4500,-2000,-400,-2000,-4588.87,-2035.86,2.08883,-0.462,620.99,
-4500,-2000,-400,-2000,-4585.63,-2037.83,2.15122,-0.462,620.99,
-4500,-2000,-400,-2000,-4581.8,-2040.52,2.22834,-0.588,624.474,
-4500,-2000,-400,-2000,-4579.25,-2042.59,2.28251,-0.588,624.474,
-4500,-2000,-400,-2000,-4575.21,-2046.37,2.37365,-0.756,636.621,
-4500,-2000,-400,-2000,-4572.77,-2049.03,2.43298,-0.756,636.621,
-4500,-2000,-400,-2000,-4569.67,-2052.92,2.515,-0.924,652.979,
-4500,-2000,-400,-2000,-4567.51,-2056.1,2.57827,-0.924,652.979,
-4500,-2000,-400,-2000,-4565.26,-2059.91,2.65121,-1.05,672.756,
-4500,-2000,-400,-2000,-4563.3,-2063.89,2.72424,-1.05,672.756,
-4500,-2000,-400,-2000,-4499.79,-1994.64,0.0675758,2.058,784.586,
-4500,-2000,-400,-2000,-4499.66,-1991.79,0.020634,2.058,784.586,
-4500,-2000,-400,-2000,-4499.76,-1986.46,-0.0672263,2.1,801.053,
-4500,-2000,-400,-2000,-4500.07,-1983.04,-0.123835,2.1,801.053,
-4500,-2000,-400,-2000,-4500.92,-1977.85,-0.210433,2.016,896.609,
-4500,-2000,-400,-2000,-4502,-1973.49,-0.284335,2.016,896.609,
-4500,-2000,-400,-2000,-4503.39,-1969.24,-0.357986,1.176,993.66,
-4500,-2000,-400,-2000,-4504.64,-1966.13,-0.413203,1.176,993.66,
-4500,-2000,-400,-2000,-4506.69,-1961.86,-0.491359,1.344,1014.3,
-4500,-2000,-400,-2000,-4508.47,-1958.72,-0.550814,1.344,1014.3,
-4500,-2000,-400,-2000,-4510.84,-1955.12,-0.621726,1.47,1052.33,
-4500,-2000,-400,-2000,-4513.55,-1951.58,-0.695225,1.47,1052.33,
-4500,-2000,-400,-2000,-4516.59,-1948.18,-0.770295,1.638,1069.61,
-4500,-2000,-400,-2000,-4519.29,-1945.54,-0.832596,1.638,1069.61,
-4500,-2000,-400,-2000,-4522.36,-1942.9,-0.899269,1.764,1112.99,
-4500,-2000,-400,-2000,-4525.72,-1940.39,-0.968323,1.764,1112.99,
-4500,-2000,-400,-2000,-4529.76,-1937.82,-1.04724,1.932,1130.04,
-4500,-2000,-400,-2000,-4533.35,-1935.88,-1.11441,1.932,1130.04,
-4500,-2000,-400,-2000,-4536.88,-1934.27,-1.17844,2.058,1152.07,
-4500,-2000,-400,-2000,-4540.8,-1932.78,-1.24746,2.058,1152.07,
-4500,-2000,-400,-2000,-4545.18,-1931.48,-1.32265,-0.294,1217.83,
-4500,-2000,-400,-2000,-4548.93,-1930.64,-1.38595,-0.294,1217.83,
-4500,-2000,-400,-2000,-4554.04,-1929.88,-1.47104,-0.126,1202.41,
-4500,-2000,-400,-2000,-4558.54,-1929.58,-1.54538,-0.126,1202.41,
-4500,-2000,-400,-2000,-4563.11,-1929.62,4.66241,-6.70552e-08,1189.42,
-4500,-2000,-400,-2000,-4566.9,-1929.9,4.59988,-6.70552e-08,1189.42,
-4500,-2000,-400,-2000,-4571.84,-1930.65,4.51752,0.168,1181.42,
-4500,-2000,-400,-2000,-4574.51,-1931.22,4.47258,0.168,1181.42,
-4500,-2000,-400,-2000,-4579.86,-1932.77,4.3807,0.294,1177.78,
-4500,-2000,-400,-2000,-4583.58,-1934.17,4.31529,0.294,1177.78,
-4500,-2000,-400,-2000,-4587.57,-1936,4.24305,0.42,1178.59,
-4500,-2000,-400,-2000,-4591,-1937.86,4.17881,0.42,1178.59,
-4500,-2000,-400,-2000,-4594.56,-1940.11,4.10939,0.588,1183.48,
-4500,-2000,-400,-2000,-4598.39,-1942.95,4.03088,0.588,1183.48,
-4500,-2000,-400,-2000,-4601.4,-1945.53,3.96551,0.714,1192,
-4500,-2000,-400,-2000,-4604.52,-1948.61,3.89329,0.714,1192,
-4500,-2000,-400,-2000,-4607.4,-1951.9,3.82127,0.882,1205.39,
-4500,-2000,-400,-2000,-4609.67,-1954.86,3.75975,0.882,1205.39,
-4500,-2000,-400,-2000,-4612.42,-1959.04,3.67737,-2.058,929.671,
-4500,-2000,-400,-2000,-4614.47,-1962.75,3.60755,-2.058,929.671,
-4500,-2000,-400,-2000,-4616.21,-1966.49,3.53963,-1.932,908.059,
-4500,-2000,-400,-2000,-4617.68,-1970.28,3.47262,-1.932,908.059,
-4500,-2000,-400,-2000,-4619,-1974.59,3.39837,-1.806,882.257,
-4500,-2000,-400,-2000,-4619.87,-1978.3,3.33564,-1.806,882.257,
-4500,-2000,-400,-2000,-4620.66,-1983.29,3.25236,-1.722,858.133,
-4500,-2000,-400,-2000,-4620.99,-1987.15,3.18862,-1.722,858.133,
-4500,-2000,-400,-2000,-4621.06,-1991.59,3.11548,-1.596,829.953,
-4500,-2000,-400,-2000,-4620.83,-1995.65,3.04848,-1.596,829.953,
-4500,-2000,-400,-2000,-4620.2,-2000.5,2.96779,-1.428,801.18,
-4500,-2000,-400,-2000,-4619.49,-2004.03,2.90853,-1.428,801.18,
-4500,-2000,-400,-2000,-4618.02,-2009.3,2.81843,-1.302,771.722,
-4500,-2000,-400,-2000,-4616.88,-2012.44,2.76347,-1.302,771.722,
-4500,-2000,-400,-2000,-4615.26,-2016.21,2.6958,-1.134,741.264,
-4500,-2000,-400,-2000,-4613.4,-2019.81,2.62901,-1.134,741.264,
-4500,-2000,-400,-2000,-4611.01,-2023.75,2.55312,-1.008,712.867,
-4500,-2000,-400,-2000,-4608.53,-2027.25,2.49736,-1.008,712.867,
-4500,-2000,-400,-2000,-4597.92,-2041.73,2.5273,-0.924,690.788,
-4500,-2000,-400,-2000,-4589.55,-2053.91,2.5558,-0.924,690.788,
-4500,-2000,-400,-2000,-4580.96,-2067.29,2.59106,-1.008,683.126,
-4500,-2000,-400,-2000,-4574.1,-2078.85,2.62567,-1.008,683.126,
-4500,-2000,-400,-2000,-4567.69,-2090.61,2.6649,-1.092,682.074,
-4500,-2000,-400,-2000,-4562.47,-2101.15,2.70429,-1.092,682.074,
-4500,-2000,-400,-2000,-4558.32,-2110.41,2.74284,-1.176,686.141,
-4500,-2000,-400,-2000,-4555.31,-2117.87,2.77713,-1.176,686.141,
-4500,-2000,-400,-2000,-4551.39,-2128.97,2.83409,-1.26,695.056,
-4500,-2000,-400,-2000,-4549.12,-2136.61,2.87797,-1.26,695.056,
-4500,-2000,-400,-2000,-4547.52,-2142.95,2.91767,-1.386,709.135,
-4500,-2000,-400,-2000,-4545.85,-2151.3,2.97632,-1.386,709.135,
-4500,-2000,-400,-2000,-4544.94,-2157.51,3.02435,-1.512,727.521,
-4500,-2000,-400,-2000,-4544.29,-2164.69,3.08627,-1.512,727.521,
-4500,-2000,-400,-2000,-4544.11,-2171.41,3.1504,-1.638,750.845,
-4500,-2000,-400,-2000,-4544.31,-2177.12,3.21148,-1.638,750.845,
-4500,-2000,-400,-2000,-4544.84,-2182.62,3.27712,-1.806,779.445,
-4500,-2000,-400,-2000,-4545.49,-2186.66,3.32957,-1.806,779.445,
-4500,-2000,-400,-2000,-4546.79,-2192.53,3.40027,-1.932,805.752,
-4500,-2000,-400,-2000,-4548.23,-2197.38,3.46504,-1.932,805.752,
-4500,-2000,-400,-2000,-4550.22,-2202.78,3.53183,-2.058,833.634,
-4500,-2000,-400,-2000,-4552.45,-2207.84,3.57268,-2.058,833.634,
-4500,-2000,-400,-2000,-4553.98,-2211.43,3.50843,1.176,1309.3,
-4500,-2000,-400,-2000,-4555.48,-2215.76,3.43283,1.176,1309.3,
-4500,-2000,-400,-2000,-4556.54,-2219.7,3.36563,-1.974,822.89,
-4500,-2000,-400,-2000,-4557.3,-2223.5,3.30193,-1.974,822.89,
-4500,-2000,-400,-2000,-4557.85,-2227.77,3.2309,-1.848,798.995,
-4500,-2000,-400,-2000,-4558.1,-2232.11,3.15934,-1.848,798.995,
-4500,-2000,-400,-2000,-4558.08,-2235.66,3.10076,-1.722,773.38,
-4500,-2000,-400,-2000,-4557.74,-2240.19,3.0259,-1.722,773.38,
-4500,-2000,-400,-2000,-4557.09,-2244.59,2.95267,-1.596,748.7,
-4500,-2000,-400,-2000,-4556.18,-2248.65,2.88425,-1.596,748.7,
-4500,-2000,-400,-2000,-4554.92,-2252.9,2.81105,-1.47,717.275,
-4500,-2000,-400,-2000,-4553.34,-2257.05,2.73809,-1.47,717.275,
-4500,-2000,-400,-2000,-4551.47,-2261.08,2.66481,-1.344,689.152,
-4500,-2000,-400,-2000,-4549.36,-2264.86,2.59345,-1.344,689.152,
-4500,-2000,-400,-2000,-4546.69,-2268.91,2.51348,-1.218,661.544,
-4500,-2000,-400,-2000,-4545.04,-2271.1,2.46842,-1.218,661.544,
-4500,-2000,-400,-2000,-4541.89,-2274.77,2.3887,-1.05,628.33,
-4500,-2000,-400,-2000,-4538.74,-2277.93,2.31526,-1.05,628.33,
-4500,-2000,-400,-2000,-4535.29,-2280.9,2.24029,-0.924,602.773,
-4500,-2000,-400,-2000,-4532.4,-2283.07,2.18069,-0.924,602.773,
-4500,-2000,-400,-2000,-4500.27,-1993.92,-0.0732795,2.1,801.564,
-4500,-2000,-400,-2000,-4500.39,-1991.87,-0.0570037,2.1,801.564,
-4500,-2000,-400,-2000,-4500.93,-1986.34,-0.148488,1.932,878.64,
-4500,-2000,-400,-2000,-4501.66,-1982.32,-0.21577,1.932,878.64,
-4500,-2000,-400,-2000,-4502.58,-1978.58,-0.279372,2.058,912.791,
-4500,-2000,-400,-2000,-4503.76,-1974.85,-0.343797,2.058,912.791,
-4500,-2000,-400,-2000,-4505.9,-1969.58,-0.437551,1.26,1008.41,
-4500,-2000,-400,-2000,-4507.54,-1966.3,-0.497824,1.26,1008.41,
-4500,-2000,-400,-2000,-4509.5,-1962.92,-0.562336,1.428,1034.57,
-4500,-2000,-400,-2000,-4511.93,-1959.31,-0.633922,1.428,1034.57,
-4500,-2000,-400,-2000,-4514.89,-1955.58,-0.712316,1.554,1073.83,
-4500,-2000,-400,-2000,-4517.48,-1952.74,-0.775724,1.554,1073.83,
-4500,-2000,-400,-2000,-4520.55,-1949.79,-0.845836,1.722,1084.1,
-4500,-2000,-400,-2000,-4524.01,-1946.92,-0.919936,1.722,1084.1,
-4500,-2000,-400,-2000,-4527.29,-1944.57,-0.986289,1.848,1127.53,
-4500,-2000,-400,-2000,-4531.37,-1942.08,-1.06512,1.848,1127.53,
-4500,-2000,-400,-2000,-4534.98,-1940.21,-1.13208,2.016,1151.04,
-4500,-2000,-400,-2000,-4538.5,-1938.68,-1.19529,2.016,1151.04,
-4500,-2000,-400,-2000,-4543.24,-1937,-1.27818,2.1,1206.18,
-4500,-2000,-400,-2000,-4546.42,-1936.12,-1.33253,2.1,1206.18,
-4500,-2000,-400,-2000,-4550.41,-1935.27,-1.39962,-0.21,1207.18,
-4500,-2000,-400,-2000,-4555.03,-1934.64,-1.47648,-0.21,1207.18,
-4500,-2000,-400,-2000,-4559.37,-1934.37,-1.54809,-0.0420001,1193.35,
-4500,-2000,-400,-2000,-4563.29,-1934.39,4.67049,-0.0420001,1193.35,
-4500,-2000,-400,-2000,-4567.31,-1934.67,4.60415,0.0839999,1183.93,
-4500,-2000,-400,-2000,-4571.51,-1935.26,4.53422,0.0839999,1183.93,
-4500,-2000,-400,-2000,-4576.07,-1936.24,4.45732,0.21,1178.41,
-4500,-2000,-400,-2000,-4580.35,-1937.51,4.38381,0.21,1178.41,
-4500,-2000,-400,-2000,-4584.19,-1938.95,4.31635,0.378,1176.88,
-4500,-2000,-400,-2000,-4587.81,-1940.59,4.25076,0.378,1176.88,
-4500,-2000,-400,-2000,-4591.53,-1942.58,4.18124,0.504,1179.43,
-4500,-2000,-400,-2000,-4595.15,-1944.85,4.11087,0.504,1179.43,
-4500,-2000,-400,-2000,-4599.14,-1947.82,4.02891,0.672,1186.91,
-4500,-2000,-400,-2000,-4602.37,-1950.62,3.95854,0.672,1186.91,
-4500,-2000,-400,-2000,-4605.32,-1953.56,3.88991,0.798,1198.01,
-4500,-2000,-400,-2000,-4607.97,-1956.59,3.82361,0.798,1198.01,
-4500,-2000,-400,-2000,-4610.8,-1960.33,3.74632,-2.058,945.67,
-4500,-2000,-400,-2000,-4612.87,-1963.5,3.68396,-2.058,945.67,
-4500,-2000,-400,-2000,-4615.14,-1967.58,3.60711,-2.016,916.323,
-4500,-2000,-400,-2000,-4617.04,-1971.69,3.53244,-2.016,916.323,
-4500,-2000,-400,-2000,-4618.41,-1975.3,3.46883,-1.89,895.316,
-4500,-2000,-400,-2000,-4619.7,-1979.56,3.39554,-1.89,895.316,
-4500,-2000,-400,-2000,-4620.72,-1984.07,3.31931,-1.764,870.187,
-4500,-2000,-400,-2000,-4621.28,-1987.78,3.25761,-1.764,870.187,
-4500,-2000,-400,-2000,-4621.65,-1992.16,3.18507,-1.638,843.896,
-4500,-2000,-400,-2000,-4621.69,-1997.07,3.10422,-1.638,843.896,
-4500,-2000,-400,-2000,-4621.37,-2001.59,3.02962,-1.512,813.695,
-4500,-2000,-400,-2000,-4620.72,-2006.05,2.95527,-1.512,813.695,
-4500,-2000,-400,-2000,-4619.71,-2010.57,2.87901,-1.344,784.255,
-4500,-2000,-400,-2000,-4618.77,-2013.74,2.82457,-1.344,784.255,
-4500,-2000,-400,-2000,-4617.11,-2018.28,2.74486,-1.218,753.119,
-4500,-2000,-400,-2000,-4615.26,-2022.32,2.67164,-1.218,753.119,
-4500,-2000,-400,-2000,-4613.17,-2026.14,2.60002,-1.05,722.542,
-4500,-2000,-400,-2000,-4611.01,-2029.5,2.53428,-1.05,722.542,
-4500,-2000,-400,-2000,-4608.26,-2033.19,2.45916,-0.924,694.254,
-4500,-2000,-400,-2000,-4605.52,-2036.37,2.39591,-0.924,694.254,
-4500,-2000,-400,-2000,-4601.92,-2040.05,2.32625,-0.798,666.805,
-4500,-2000,-400,-2000,-4598.29,-2043.29,2.26701,-0.798,666.805,
-4500,-2000,-400,-2000,-4593.25,-2047.24,2.19559,-0.63,641.519,
-4500,-2000,-400,-2000,-4589.15,-2050.03,2.1336,-0.63,641.519,
-4500,-2000,-400,-2000,-4585.32,-2052.32,2.07147,-0.504,617.258,
-4500,-2000,-400,-2000,-4581.21,-2054.4,2.00012,-0.504,617.258,
-4500,-2000,-400,-2000,-4576.99,-2056.17,1.92472,-0.336,596.495,
-4500,-2000,-400,-2000,-4573.32,-2057.42,1.861,-0.336,596.495,
-4500,-2000,-400,-2000,-4568,-2058.77,1.7706,-0.126,580.95,
-4500,-2000,-400,-2000,-4564.65,-2059.37,1.7145,-0.126,580.95,
-4500,-2000,-400,-2000,-4560.14,-2059.88,1.65981,0.0839999,570.638,
-4500,-2000,-400,-2000,-4556.18,-2060.35,1.72549,0.0839999,570.638,
-4500,-2000,-400,-2000,-4551.54,-2061.23,1.80323,-0.0840001,559.924,
-4500,-2000,-400,-2000,-4547.39,-2062.35,1.87403,-0.0840001,559.924,
-4500,-2000,-400,-2000,-4543.22,-2063.8,1.94676,-0.252,559.051,
-4500,-2000,-400,-2000,-4540.27,-2065.04,1.99943,-0.252,559.051,
-4500,-2000,-400,-2000,-4535.26,-2067.58,2.09205,-0.462,561.928,
-4500,-2000,-400,-2000,-4532.32,-2069.37,2.14866,-0.462,561.928,
-4500,-2000,-400,-2000,-4528.78,-2071.84,2.21983,-0.63,570.607,
-4500,-2000,-400,-2000,-4525.21,-2074.74,2.29569,-0.63,570.607,
-4500,-2000,-400,-2000,-4522.27,-2077.49,2.36199,-0.756,582.901,
-4500,-2000,-400,-2000,-4519.78,-2080.15,2.42189,-0.756,582.901,
-4500,-2000,-400,-2000,-4516.57,-2084.1,2.50577,-0.882,598.092,
-4500,-2000,-400,-2000,-4514.34,-2087.3,2.57007,-0.882,598.092,
-4500,-2000,-400,-2000,-4511.96,-2091.3,2.64686,-1.05,618.189,
-4500,-2000,-400,-2000,-4510.28,-2094.61,2.70796,-1.05,618.189,
-4500,-2000,-400,-2000,-4508.62,-2098.51,2.77782,-1.176,639.06,
-4500,-2000,-400,-2000,-4507.48,-2101.73,2.83396,-1.176,639.06,
-4500,-2000,-400,-2000,-4506,-2107.14,2.92646,-1.344,663.44,
-4500,-2000,-400,-2000,-4505.39,-2110.3,2.97945,-1.344,663.44,
-4500,-2000,-400,-2000,-4504.76,-2115.28,3.06217,-1.47,689.159,
-4500,-2000,-400,-2000,-4504.57,-2119.02,3.12391,-1.47,689.159,
-4500,-2000,-400,-2000,-4504.6,-2122.9,3.16966,-1.638,716.411,
-4500,-2000,-400,-2000,-4504.66,-2132.38,3.12146,-1.638,716.411,
-4500,-2000,-400,-2000,-4504.28,-2141.73,3.07394,-1.596,703.767,
-4500,-2000,-400,-2000,-4503.47,-2150.92,3.02703,-1.596,703.767,
-4500,-2000,-400,-2000,-4502.05,-2161.15,2.97455,-1.512,683.532,
-4500,-2000,-400,-2000,-4500.34,-2170.16,2.92793,-1.512,683.532,
-4500,-2000,-400,-2000,-4498.38,-2178.43,2.88476,-1.47,665.178,
-4500,-2000,-400,-2000,-4496.01,-2186.81,2.8405,-1.47,665.178,
-4500,-2000,-400,-2000,-4492.61,-2196.87,2.78651,-1.386,642.718,
-4500,-2000,-400,-2000,-4489.83,-2204.01,2.74759,-1.386,642.718,
-4500,-2000,-400,-2000,-4486.15,-2212.39,2.70107,-1.302,619.874,
-4500,-2000,-400,-2000,-4482.19,-2220.37,2.6558,-1.302,619.874,
-4500,-2000,-400,-2000,-4478.16,-2227.68,2.61333,-1.26,599.955,
-4500,-2000,-400,-2000,-4473.74,-2234.95,2.57014,-1.26,599.955,
-4500,-2000,-400,-2000,-4467.94,-2243.53,2.51749,-1.176,574.772,
-4500,-2000,-400,-2000,-4462.22,-2251.12,2.46919,-1.176,574.772,
-4500,-2000,-400,-2000,-4456.53,-2257.99,2.42385,-1.092,548.51,
-4500,-2000,-400,-2000,-4450.43,-2264.7,2.37774,-1.092,548.51,
-4500,-2000,-400,-2000,-4444.23,-2270.94,2.33306,-1.008,522.353,
-4500,-2000,-400,-2000,-4437.53,-2277.88,2.28418,-1.008,522.353,
-4500,-2000,-400,-2000,-4434.09,-2289.28,2.23379,-0.924,498.199,
-4500,-2000,-400,-2000,-4431.77,-2297.75,2.19846,-0.924,498.199,
-4500,-2000,-400,-2000,-4440.85,-2329.74,2.15846,-0.882,495.167,
-4500,-2000,-400,-2000,-4452.03,-2352.27,2.22244,-0.882,495.167,
-4500,-2000,-400,-2000,-4465.21,-2375.07,2.28943,-1.092,553.444,
-4500,-2000,-400,-2000,-4479.47,-2397.53,2.3689,-1.092,553.444,
-4500,-2000,-400,-2000,-4476.46,-2400.82,2.44242,-1.302,613.406,
-4500,-2000,-400,-2000,-4473.76,-2404.25,2.51424,-1.302,613.406,
-4500,-2000,-400,-2000,-4471.25,-2407.96,2.5881,-1.428,637.705,
-4500,-2000,-400,-2000,-4468.87,-2412.14,2.66732,-1.428,637.705,
-4500,-2000,-400,-2000,-4467,-2416.07,2.7391,-1.596,661.001,
-4500,-2000,-400,-2000,-4465.8,-2419.09,2.79254,-1.596,661.001,
-4500,-2000,-400,-2000,-4464.3,-2423.72,2.87278,-1.764,697.173,
-4500,-2000,-400,-2000,-4463.3,-2427.84,2.94264,-1.764,697.173,
-4500,-2000,-400,-2000,-4462.7,-2431.24,2.99944,-1.89,720.509,
-4500,-2000,-400,-2000,-4462.19,-2435.91,3.0769,-1.89,720.509,
-4500,-2000,-400,-2000,-4462.05,-2439.74,3.13994,-2.016,745.395,
-4500,-2000,-400,-2000,-4462.19,-2444.22,3.21381,-2.016,745.395,
-4500,-2000,-400,-2000,-4462.66,-2448.66,3.28743,1.428,1452.57,
-4500,-2000,-400,-2000,-4463.27,-2452.22,3.34696,1.428,1452.57,
-4500,-2000,-400,-2000,-4464.22,-2456.17,3.41387,1.302,1425.11,
-4500,-2000,-400,-2000,-4465.75,-2460.97,3.49679,1.302,1425.11,
-4500,-2000,-400,-2000,-4467.3,-2464.78,3.56459,1.176,1397.55,
-4500,-2000,-400,-2000,-4469.18,-2468.64,3.61152,1.176,1397.55,
-4500,-2000,-400,-2000,-4471.05,-2472.64,3.53877,1.134,1386.6,
-4500,-2000,-400,-2000,-4472.4,-2476.13,3.47719,1.134,1386.6,
-4500,-2000,-400,-2000,-4473.71,-2480.29,3.40527,1.302,1409.97,
-4500,-2000,-400,-2000,-4474.76,-2484.76,3.32962,1.302,1409.97,
-4500,-2000,-400,-2000,-4475.45,-2489.18,3.25605,1.428,1436.27,
-4500,-2000,-400,-2000,-4475.81,-2493.48,3.18494,1.428,1436.27,
-4500,-2000,-400,-2000,-4475.84,-2498.22,3.10674,1.596,1464.58,
-4500,-2000,-400,-2000,-4475.63,-2501.82,3.04738,1.596,1464.58,
-4500,-2000,-400,-2000,-4475.06,-2506.25,2.97379,-1.974,766.171,
-4500,-2000,-400,-2000,-4474.18,-2510.58,2.90099,-1.974,766.171,
-4500,-2000,-400,-2000,-4473.07,-2514.6,2.83221,-1.848,748.999,
-4500,-2000,-400,-2000,-4471.6,-2518.73,2.76012,-1.848,748.999,
-4500,-2000,-400,-2000,-4469.4,-2523.63,2.67157,-1.722,730.972,
-4500,-2000,-400,-2000,-4467.81,-2526.59,2.61632,-1.722,730.972,
-4500,-2000,-400,-2000,-4465.22,-2530.71,2.53614,-1.596,702.518,
-4500,-2000,-400,-2000,-4462.31,-2534.61,2.45592,-1.596,702.518,
-4500,-2000,-400,-2000,-4459.9,-2537.41,2.39502,-1.47,669.548,
-4500,-2000,-400,-2000,-4457.17,-2540.2,2.33075,-1.47,669.548,
-4500,-2000,-400,-2000,-4453.76,-2543.24,2.25546,-1.344,642.631,
-4500,-2000,-400,-2000,-4450.22,-2545.94,2.18212,-1.344,642.631,
-4500,-2000,-400,-2000,-4446.49,-2548.38,2.10872,-1.218,605.186,
-4500,-2000,-400,-2000,-4443.57,-2550.03,2.06454,-1.218,605.186,
-4500,-2000,-400,-2000,-4439.46,-2552.43,2.1431,-1.218,604.747,
-4500,-2000,-400,-2000,-4435.89,-2554.9,2.21454,-1.218,604.747,
-4500,-2000,-400,-2000,-4432.7,-2557.43,2.28154,-1.344,630.706,
-4500,-2000,-400,-2000,-4429.37,-2560.49,2.35614,-1.344,630.706,
-4500,-2000,-400,-2000,-4426.21,-2563.87,2.43239,-1.512,658.261,
-4500,-2000,-400,-2000,-4423.42,-2567.34,2.50564,-1.512,658.261,
-4500,-2000,-400,-2000,-4420.85,-2571.07,2.58028,-1.68,676.53,
-4500,-2000,-400,-2000,-4418.69,-2574.75,2.65065,-1.68,676.53,
-4500,-2000,-400,-2000,-4416.41,-2579.45,2.73671,-1.848,718.88,
-4500,-2000,-400,-2000,-4415.09,-2582.75,2.79523,-1.848,718.88,
-4500,-2000,-400,-2000,-4413.68,-2587.1,2.8705,-1.974,736.745,
-4500,-2000,-400,-2000,-4412.64,-2591.39,2.94319,-1.974,736.745,
-4500,-2000,-400,-2000,-4411.99,-2595.17,3.00645,-1.932,1556.04,
-4500,-2000,-400,-2000,-4411.53,-2599.59,3.07959,-1.932,1556.04,
-4500,-2000,-400,-2000,-4411.4,-2603.14,3.1381,1.596,1530.22,
-4500,-2000,-400,-2000,-4411.56,-2608.13,3.22035,1.596,1530.22,
-4500,-2000,-400,-2000,-4412.07,-2612.6,3.29452,1.428,1501.82,
-4500,-2000,-400,-2000,-4412.86,-2616.87,3.36607,1.428,1501.82,
-4500,-2000,-400,-2000,-4414.03,-2621.3,3.44147,1.302,1471.54,
-4500,-2000,-400,-2000,-4415.42,-2625.35,3.51204,1.302,1471.54,
-4500,-2000,-400,-2000,-4417.12,-2629.34,3.56565,1.176,1443.09,
-4500,-2000,-400,-2000,-4418.63,-2632.96,3.50095,1.176,1443.09,
-4500,-2000,-400,-2000,-4420.02,-2637.03,3.43012,1.26,1458.9,
-4500,-2000,-400,-2000,-4421.21,-2641.63,3.3519,1.26,1458.9,
-4500,-2000,-400,-2000,-4422.02,-2646.19,3.27559,1.386,1484.34,
-4500,-2000,-400,-2000,-4422.44,-2650.15,3.21,1.386,1484.34,
-4500,-2000,-400,-2000,-4422.6,-2654.89,3.13181,1.554,1512.81,
-4500,-2000,-400,-2000,-4422.47,-2658.52,3.07191,1.554,1512.81,
-4500,-2000,-400,-2000,-4421.97,-2663.24,2.99374,1.68,1542.69,
-4500,-2000,-400,-2000,-4421.3,-2667.02,2.93049,1.68,1542.69,
-4500,-2000,-400,-2000,-4420.22,-2671.36,2.85684,-1.848,1562.35,
-4500,-2000,-400,-2000,-4418.95,-2675.29,2.78882,-1.848,1562.35,
-4500,-2000,-400,-2000,-4417.32,-2679.31,2.71737,-1.974,788.946,
-4500,-2000,-400,-2000,-4415.68,-2682.69,2.65551,-1.974,788.946,
-4500,-2000,-400,-2000,-4413.33,-2686.8,2.57744,-1.848,766.818,
-4500,-2000,-400,-2000,-4410.78,-2690.55,2.50271,-1.848,766.818,
-4500,-2000,-400,-2000,-4408.09,-2693.95,2.43127,-1.722,739.792,
-4500,-2000,-400,-2000,-4405.23,-2697.07,2.36163,-1.722,739.792,
-4500,-2000,-400,-2000,-4402.01,-2700.13,2.28838,-1.596,717.205,
-4500,-2000,-400,-2000,-4398.64,-2702.89,2.21667,-1.596,717.205,
-4500,-2000,-400,-2000,-4395.16,-2705.35,2.14648,-1.47,684.6,
-4500,-2000,-400,-2000,-4392.12,-2707.21,2.08769,-1.47,684.6,
-4500,-2000,-400,-2000,-4388.17,-2709.29,2.03439,-1.344,653.801,
-4500,-2000,-400,-2000,-4384.44,-2711.31,2.1043,-1.344,653.801,
-4500,-2000,-400,-2000,-4381.01,-2713.47,2.17105,-1.47,672.489,
-4500,-2000,-400,-2000,-4378,-2715.64,2.23222,-1.47,672.489,
-4500,-2000,-400,-2000,-4374.47,-2718.58,2.3078,-1.638,712.232,
-4500,-2000,-400,-2000,-4371.33,-2721.62,2.37976,-1.638,712.232,
-4500,-2000,-400,-2000,-4368.17,-2725.18,2.45824,-1.764,727.005,
-4500,-2000,-400,-2000,-4366.17,-2727.75,2.512,-1.764,727.005,
-4500,-2000,-400,-2000,-4363.58,-2731.56,2.58776,-1.89,757.446,
-4500,-2000,-400,-2000,-4361.4,-2735.34,2.65963,-1.89,757.446,
-4500,-2000,-400,-2000,-4359.37,-2739.58,2.73718,-2.058,802.764,
-4500,-2000,-400,-2000,-4357.86,-2743.41,2.8049,-2.058,802.764,
-4500,-2000,-400,-2000,-4356.68,-2747.12,2.8691,0.294,1509.63,
-4500,-2000,-400,-2000,-4355.69,-2751.11,2.93673,0.294,1509.63,
-4500,-2000,-400,-2000,-4354.96,-2755.21,3.00542,0.168,1497.29,
-4500,-2000,-400,-2000,-4354.55,-2758.95,3.06729,0.168,1497.29,
-4500,-2000,-400,-2000,-4354.37,-2763.48,3.142,0.0419999,1488.05,
-4500,-2000,-400,-2000,-4354.51,-2767.89,3.21479,0.0419999,1488.05,
-4500,-2000,-400,-2000,-4354.92,-2771.89,3.28101,-0.126,1482.26,
-4500,-2000,-400,-2000,-4355.6,-2775.88,3.34765,-0.126,1482.26,
-4500,-2000,-400,-2000,-4356.73,-2780.5,3.42595,-0.252,1480.6,
-4500,-2000,-400,-2000,-4357.87,-2784.04,3.48597,-0.252,1480.6,
-4500,-2000,-400,-2000,-4359.28,-2788.45,3.40975,-0.294,1474.67,
-4500,-2000,-400,-2000,-4360.35,-2792.91,3.33421,-0.294,1474.67,
-4500,-2000,-400,-2000,-4360.98,-2796.7,3.27092,-0.168,1458.68,
-4500,-2000,-400,-2000,-4361.38,-2800.62,3.20599,-0.168,1458.68,
-4500,-2000,-400,-2000,-4361.51,-2806.04,3.11669,-6.70552e-08,1445.96,
-4500,-2000,-400,-2000,-4361.35,-2809.36,3.06193,-6.70552e-08,1445.96,
-4500,-2000,-400,-2000,-4360.85,-2813.78,2.98861,0.126,1437.89,
-4500,-2000,-400,-2000,-4360.08,-2817.94,2.91894,0.126,1437.89,
-4500,-2000,-400,-2000,-4358.86,-2822.57,2.84,0.294,1433.78,
-4500,-2000,-400,-2000,-4357.59,-2826.29,2.77537,0.294,1433.78,
-4500,-2000,-400,-2000,-4355.81,-2830.49,2.70017,0.42,1433.54,
-4500,-2000,-400,-2000,-4353.78,-2834.46,2.62666,0.42,1433.54,
-4500,-2000,-400,-2000,-4351.58,-2838.07,2.55705,-2.016,848.172,
-4500,-2000,-400,-2000,-4349.2,-2841.46,2.48887,-2.016,848.172,
-4500,-2000,-400,-2000,-4346.45,-2844.83,2.4172,-1.89,822.092,
-4500,-2000,-400,-2000,-4343.54,-2847.92,2.34716,-1.89,822.092,
-4500,-2000,-400,-2000,-4340.26,-2850.94,2.27385,-1.764,800.414,
-4500,-2000,-400,-2000,-4337.43,-2853.22,2.21394,-1.764,800.414,
-4500,-2000,-400,-2000,-4333.47,-2855.98,2.13438,-1.638,774.831,
-4500,-2000,-400,-2000,-4330.06,-2857.99,2.06924,-1.638,774.831,
-4500,-2000,-400,-2000,-4325.47,-2860.28,2.0033,-1.512,743.978,
-4500,-2000,-400,-2000,-4300.7,-2871.56,1.99183,-1.512,743.978,
-4500,-2000,-400,-2000,-4269.09,-2885.52,1.98078,-1.554,731.838,
-4500,-2000,-400,-2000,-4242.3,-2897.07,1.97388,-1.554,731.838,
-4500,-2000,-400,-2000,-4210.58,-2910.5,1.96836,-1.638,728.54,
-4500,-2000,-400,-2000,-4174.54,-2925.56,1.96492,-1.638,728.54,
-4500,-2000,-400,-2000,-4133.15,-2942.75,1.9638,-1.722,739.222,
-4500,-2000,-400,-2000,-4098.83,-2956.99,1.96475,-1.722,739.222,
-4500,-2000,-400,-2000,-4063.26,-2971.83,1.96813,-1.848,763.577,
-4500,-2000,-400,-2000,-4031.18,-2985.38,1.97319,-1.848,763.577,
-4500,-2000,-400,-2000,-3999.99,-2998.73,1.97812,-1.932,777.715,
-4500,-2000,-400,-2000,-3968.42,-3012.44,1.98312,-1.932,777.715,
-4500,-2000,-400,-2000,-3936.36,-3026.54,1.98821,-2.016,806.35,
-4500,-2000,-400,-2000,-3907.33,-3039.49,1.99283,-2.016,806.35,
-4500,-2000,-400,-2000,-3870.08,-3056.33,1.99861,-1.26,1171.33,
-4500,-2000,-400,-2000,-3839,-3070.54,2.00116,-1.26,1171.33,
-4500,-2000,-400,-2000,-3796.99,-3089.85,2.00232,-2.016,1101.09,
-4500,-2000,-400,-2000,-3766.46,-3103.95,2.00486,-2.016,1101.09,
-4500,-2000,-400,-2000,-3726.78,-3122.36,2.0056,-1.386,1114.17,
-4500,-2000,-400,-2000,-3689.74,-3139.54,2.00409,-1.386,1114.17,
-4500,-2000,-400,-2000,-3655.38,-3155.37,2.00035,-1.47,1130.17,
-4500,-2000,-400,-2000,-3627.63,-3168.01,1.99523,-1.47,1130.17,
-4500,-2000,-400,-2000,-3605.36,-3178,1.99561,-1.512,1114.98,
-4500,-2000,-400,-2000,-3593.01,-3184,2.0346,-1.512,1114.98,
-4500,-2000,-400,-2000,-3555.67,-3202.62,2.03201,-1.596,1130.81,
-4500,-2000,-400,-2000,-3524.35,-3218.15,2.02984,-1.596,1130.81,
-4500,-2000,-400,-2000,-3480.45,-3239.78,2.0268,-1.638,1108.13,
-4500,-2000,-400,-2000,-3454.58,-3252.44,2.02501,-1.638,1108.13,
-4500,-2000,-400,-2000,-3416.93,-3270.77,2.02241,1.134,1088.16,
-4500,-2000,-400,-2000,-3385.32,-3286.07,2.02023,1.134,1088.16,
-4500,-2000,-400,-2000,-3344.29,-3305.8,2.01741,1.134,1053.27,
-4500,-2000,-400,-2000,-3311.17,-3321.62,2.01513,1.134,1053.27,
-4500,-2000,-400,-2000,-3271.5,-3340.45,2.0124,1.134,1020.89,
-4500,-2000,-400,-2000,-3237.95,-3356.27,2.0101,1.134,1020.89,
-4500,-2000,-400,-2000,-3199.42,-3374.32,2.00746,1.134,987.18,
-4500,-2000,-400,-2000,-3162.16,-3391.65,2.0049,1.134,987.18,
-4500,-2000,-400,-2000,-3127.41,-3407.72,2.00253,1.134,952.601,
-4500,-2000,-400,-2000,-3092.64,-3423.69,2.00015,1.134,952.601,
-4500,-2000,-400,-2000,-3056.98,-3439.98,1.99771,1.134,923.002,
-4500,-2000,-400,-2000,-3018.91,-3457.24,1.99512,1.134,923.002,
-4500,-2000,-400,-2000,-2984.56,-3472.71,1.99278,1.134,891.123,
-4500,-2000,-400,-2000,-2947.62,-3489.25,1.99026,1.134,891.123,
-4500,-2000,-400,-2000,-2913.29,-3504.52,1.98793,1.134,860.19,
-4500,-2000,-400,-2000,-2882.63,-3518.07,1.9797,1.134,860.19,
-4500,-2000,-400,-2000,-2878.68,-3519.64,1.90964,1.218,850.32,
-4500,-2000,-400,-2000,-2874.76,-3520.9,1.84183,1.218,850.32,
-4500,-2000,-400,-2000,-2870.55,-3521.93,1.77053,-0.966,857.056,
-4500,-2000,-400,-2000,-2866.14,-3522.67,1.69677,-0.966,857.056,
-4500,-2000,-400,-2000,-2862.37,-3523.04,1.63436,-0.798,824.097,
-4500,-2000,-400,-2000,-2857.84,-3523.18,1.5597,-0.798,824.097,
-4500,-2000,-400,-2000,-2853.53,-3523,1.48863,-0.672,814.077,
-4500,-2000,-400,-2000,-2849.96,-3522.62,1.42946,-0.672,814.077,
-4500,-2000,-400,-2000,-2845.88,-3521.91,1.36135,-0.504,784.985,
-4500,-2000,-400,-2000,-2842.38,-3521.07,1.30207,-0.504,784.985,
-4500,-2000,-400,-2000,-2838.06,-3519.73,1.2274,-0.336,768.776,
-4500,-2000,-400,-2000,-2834.24,-3518.24,1.15988,-0.336,768.776,
-4500,-2000,-400,-2000,-2830.14,-3516.29,1.08518,-0.168,744.227,
-4500,-2000,-400,-2000,-2826.95,-3514.5,1.02498,-0.168,744.227,
-4500,-2000,-400,-2000,-2823.06,-3511.95,0.948359,-6.70552e-08,733.061,
-4500,-2000,-400,-2000,-2819.77,-3509.44,0.880151,-6.70552e-08,733.061,
-4500,-2000,-400,-2000,-2816.77,-3506.82,0.814577,0.168,729.046,
-4500,-2000,-400,-2000,-2814.21,-3504.28,0.755045,0.168,729.046,
-4500,-2000,-400,-2000,-2811.02,-3500.65,0.67542,0.336,724.507,
-4500,-2000,-400,-2000,-2808.75,-3497.65,0.613488,0.336,724.507,
-4500,-2000,-400,-2000,-2806.23,-3493.81,0.551151,0.546,729.172,
-4500,-2000,-400,-2000,-2803.77,-3490.09,0.624658,0.546,729.172,
-4500,-2000,-400,-2000,-2800.65,-3486.09,0.708271,0.378,706.811,
-4500,-2000,-400,-2000,-2798.19,-3483.36,0.768771,0.378,706.811,
-4500,-2000,-400,-2000,-2794.9,-3480.18,0.844214,0.21,691.398,
-4500,-2000,-400,-2000,-2791.84,-3477.61,0.910069,0.21,691.398,
-4500,-2000,-400,-2000,-2788.18,-3474.95,0.98457,0.0419999,688.599,
-4500,-2000,-400,-2000,-2784.7,-3472.78,1.05209,0.0419999,688.599,
-4500,-2000,-400,-2000,-2780.98,-3470.8,1.12156,-0.168,681.874,
-4500,-2000,-400,-2000,-2776.78,-3468.95,1.19712,-0.168,681.874,
-4500,-2000,-400,-2000,-2772.35,-3467.38,1.27462,-0.336,675.442,
-4500,-2000,-400,-2000,-2769.15,-3466.48,1.32939,-0.336,675.442,
-4500,-2000,-400,-2000,-2764.22,-3465.46,1.41235,-0.546,692.631,
-4500,-2000,-400,-2000,-2760.1,-3464.93,1.48062,-0.546,692.631,
-4500,-2000,-400,-2000,-2755.38,-3464.67,1.55854,-0.714,695.424,
-4500,-2000,-400,-2000,-2751.84,-3464.71,1.61695,-0.714,695.424,
-4500,-2000,-400,-2000,-2746.73,-3465.14,1.70145,-0.882,707.948,
-4500,-2000,-400,-2000,-2743.38,-3465.66,1.75723,-0.882,707.948,
-4500,-2000,-400,-2000,-2738.7,-3466.71,1.83622,-1.05,729.091,
-4500,-2000,-400,-2000,-2734.73,-3467.92,1.90458,-1.05,729.091,
-4500,-2000,-400,-2000,-2730.66,-3469.48,1.97646,-1.218,748.284,
-4500,-2000,-400,-2000,-2726.93,-3471.21,2.02732,-1.218,748.284,
-4500,-2000,-400,-2000,-2723.35,-3472.85,1.96246,-1.26,753.425,
-4500,-2000,-400,-2000,-2718.54,-3474.62,1.87798,-1.26,753.425,
-4500,-2000,-400,-2000,-2714.86,-3475.68,1.81496,-1.092,731.751,
-4500,-2000,-400,-2000,-2711.25,-3476.48,1.75394,-1.092,731.751,
-4500,-2000,-400,-2000,-2706.1,-3477.23,1.66824,-0.966,691.178,
-4500,-2000,-400,-2000,-2703.05,-3477.46,1.61793,-0.966,691.178,
-4500,-2000,-400,-2000,-2698.25,-3477.52,1.53869,-0.798,672.162,
-4500,-2000,-400,-2000,-2695.22,-3477.36,1.48878,-0.798,672.162,
-4500,-2000,-400,-2000,-2691,-3476.88,1.41882,-0.672,642.94,
-4500,-2000,-400,-2000,-2686.52,-3476.04,1.34371,-0.672,642.94,
-4500,-2000,-400,-2000,-2681.71,-3474.75,1.26169,-0.504,618.095,
-4500,-2000,-400,-2000,-2678.8,-3473.75,1.2109,-0.504,618.095,
-4500,-2000,-400,-2000,-2674.34,-3471.89,1.13136,-0.336,601.443,
-4500,-2000,-400,-2000,-2670.99,-3470.2,1.06954,-0.336,601.443,
-4500,-2000,-400,-2000,-2666.94,-3467.8,0.991949,-0.168,587.756,
-4500,-2000,-400,-2000,-2664.32,-3466,0.939652,-0.168,587.756,
-4500,-2000,-400,-2000,-2660.71,-3463.18,0.864188,0.0419999,575.93,
-4500,-2000,-400,-2000,-2658,-3460.74,0.804052,0.0419999,575.93,
-4500,-2000,-400,-2000,-2654.71,-3457.35,0.726323,0.21,565.918,
-4500,-2000,-400,-2000,-2652.7,-3454.98,0.675081,0.21,565.918,
-4500,-2000,-400,-2000,-2650.16,-3451.61,0.62361,0.378,568.6,
-4500,-2000,-400,-2000,-2647.44,-3448.08,0.697002,0.378,568.6,
-4500,-2000,-400,-2000,-2644.56,-3444.84,0.768413,0.21,551.741,
-4500,-2000,-400,-2000,-2641.71,-3442.06,0.834086,0.21,551.741,
-4500,-2000,-400,-2000,-2637.14,-3438.26,0.932013,0.0419999,536.37,
-4500,-2000,-400,-2000,-2634.77,-3436.57,0.97984,0.0419999,536.37,
-4500,-2000,-400,-2000,-2631.22,-3434.34,1.04899,-0.168,538.276,
-4500,-2000,-400,-2000,-2627.43,-3432.31,1.11966,-0.168,538.276,
-4500,-2000,-400,-2000,-2623.61,-3430.6,1.18879,-0.336,540.039,
-4500,-2000,-400,-2000,-2619.78,-3429.19,1.25591,-0.336,540.039,
-4500,-2000,-400,-2000,-2615.13,-3427.92,1.33542,-0.546,536.423,
-4500,-2000,-400,-2000,-2611.3,-3427.73,1.39779,-0.546,536.423,
-4500,-2000,-400,-2000,-2607.11,-3427.8,1.46585,-0.714,557.872,
-4500,-2000,-400,-2000,-2602.61,-3428.13,1.53934,-0.714,557.872,
-4500,-2000,-400,-2000,-2597.81,-3428.14,1.61854,-0.924,566.158,
-4500,-2000,-400,-2000,-2594.03,-3428.43,1.68089,-0.924,566.158,
-4500,-2000,-400,-2000,-2589.24,-3429.13,1.76075,-1.092,593.305,
-4500,-2000,-400,-2000,-2585.52,-3429.95,1.82341,-1.092,593.305,
-4500,-2000,-400,-2000,-2581.65,-3431.07,1.88971,-1.26,612.784,
-4500,-2000,-400,-2000,-2578.2,-3432.31,1.95011,-1.26,612.784,
-4500,-2000,-400,-2000,-2574.16,-3434.07,2.02285,-1.428,641.496,
-4500,-2000,-400,-2000,-2570.89,-3435.76,2.08349,-1.428,641.496,
-4500,-2000,-400,-2000,-2566.34,-3438.57,2.15491,-1.554,667.279,
-4500,-2000,-400,-2000,-2562.94,-3440.68,2.08906,-1.554,667.279,
-4500,-2000,-400,-2000,-2559.11,-3442.71,2.01764,-1.47,643.369,
-4500,-2000,-400,-2000,-2555.03,-3444.5,1.94421,-1.47,643.369,
-4500,-2000,-400,-2000,-2550.9,-3445.97,1.87208,-1.344,610.668,
-4500,-2000,-400,-2000,-2546.92,-3447.07,1.80403,-1.344,610.668,
-4500,-2000,-400,-2000,-2542.66,-3447.95,1.73238,-1.218,586.712,
-4500,-2000,-400,-2000,-2538.92,-3448.45,1.6702,-1.218,586.712,
-4500,-2000,-400,-2000,-2534.35,-3448.76,1.59464,-1.05,557.245,
-4500,-2000,-400,-2000,-2530.74,-3448.75,1.53523,-1.05,557.245,
-4500,-2000,-400,-2000,-2526.63,-3448.77,1.46791,-0.924,523.386,
-4500,-2000,-400,-2000,-2521.61,-3454.58,1.39857,-0.924,523.386,
-4500,-2000,-400,-2000,-2514.88,-3461.95,1.31593,-0.756,512.415,
-4500,-2000,-400,-2000,-2508.79,-3471.36,1.26201,-0.756,512.415,
-4500,-2000,-400,-2000,-2497.91,-3485.87,1.17494,-0.63,499.401,
-4500,-2000,-400,-2000,-2490.06,-3495.06,1.11852,-0.63,499.401,
-4500,-2000,-400,-2000,-2476.75,-3508.41,1.02909,-0.504,489.302,
-4500,-2000,-400,-2000,-2468.73,-3514.39,0.970433,-0.504,489.302,
-4500,-2000,-400,-2000,-2458.67,-3520.7,0.897889,-0.378,475.994,
-4500,-2000,-400,-2000,-2451.94,-3523.04,0.837859,-0.378,475.994,
-4500,-2000,-400,-2000,-2444.92,-3525.01,0.776357,-0.21,466.161,
-4500,-2000,-400,-2000,-2437.67,-3526.37,0.722351,-0.21,466.161,
-4500,-2000,-400,-2000,-2432.45,-3524.75,0.800861,-0.21,460.781,
-4500,-2000,-400,-2000,-2427.58,-3524.26,0.865512,-0.21,460.781,
-4500,-2000,-400,-2000,-2420.41,-3525.38,0.947649,-0.42,468.064,
-4500,-2000,-400,-2000,-2407.94,-3536.56,1.01499,-0.42,468.064,
-4500,-2000,-400,-2000,-2394.06,-3551.2,1.09367,-0.714,488.79,
-4500,-2000,-400,-2000,-2381.46,-3568.55,1.15606,-0.714,488.79,
-4500,-2000,-400,-2000,-2370.12,-3586.2,1.21881,-0.924,543.56,
-4500,-2000,-400,-2000,-2365.66,-3585.94,1.28988,-0.924,543.56,
-4500,-2000,-400,-2000,-2360.62,-3585.92,1.37041,-1.134,563.241,
-4500,-2000,-400,-2000,-2357.05,-3585.29,1.43017,-1.134,563.241,
-4500,-2000,-400,-2000,-2352.21,-3584.78,1.51026,-1.302,587.313,
-4500,-2000,-400,-2000,-2348.85,-3584.66,1.56562,-1.302,587.313,
-4500,-2000,-400,-2000,-2344.5,-3584.77,1.63729,-1.428,618.522,
-4500,-2000,-400,-2000,-2340.12,-3585.21,1.7099,-1.428,618.522,
-4500,-2000,-400,-2000,-2335.89,-3585.93,1.78056,-1.596,645.348,
-4500,-2000,-400,-2000,-2331.2,-3587.11,1.86017,-1.596,645.348,
-4500,-2000,-400,-2000,-2327.48,-3588.33,1.92476,-1.764,670.826,
-4500,-2000,-400,-2000,-2324.16,-3589.65,1.98355,-1.764,670.826,
-4500,-2000,-400,-2000,-2320.15,-3591.56,2.05671,-1.89,697.207,
-4500,-2000,-400,-2000,-2316.75,-3593.49,2.12113,-1.89,697.207,
-4500,-2000,-400,-2000,-2312.55,-3596.29,2.18763,-2.016,728.447,
-4500,-2000,-400,-2000,-2309.18,-3598.53,2.12091,-2.016,728.447,
-4500,-2000,-400,-2000,-2305.37,-3600.7,2.0487,-1.932,710.594,
-4500,-2000,-400,-2000,-2301.97,-3602.34,1.98656,-1.932,710.594,
-4500,-2000,-400,-2000,-2297.72,-3604.06,1.91105,-1.806,689.319,
-4500,-2000,-400,-2000,-2293.51,-3605.4,1.83822,-1.806,689.319,
-4500,-2000,-400,-2000,-2288.99,-3606.47,1.76176,-1.68,661.904,
-4500,-2000,-400,-2000,-2285.1,-3607.11,1.69684,-1.68,661.904,
-4500,-2000,-400,-2000,-2280.86,-3607.51,1.62654,-1.554,634.362,
-4500,-2000,-400,-2000,-2276.74,-3607.62,1.55876,-1.554,634.362,
-4500,-2000,-400,-2000,-2272.71,-3607.45,1.49236,-1.428,607.71,
-4500,-2000,-400,-2000,-2268.68,-3607.02,1.42552,-1.428,607.71,
-4500,-2000,-400,-2000,-2264.23,-3606.22,1.35108,-1.302,578.041,
-4500,-2000,-400,-2000,-2260.19,-3605.19,1.28241,-1.302,578.041,
-4500,-2000,-400,-2000,-2255.98,-3603.79,1.20933,-1.176,549.196,
-4500,-2000,-400,-2000,-2252.95,-3602.56,1.15534,-1.176,549.196,
-4500,-2000,-400,-2000,-2246.03,-3603.43,1.06193,-1.05,520.427,
-4500,-2000,-400,-2000,-2238.1,-3611.51,1.01606,-1.05,520.427,
-4500,-2000,-400,-2000,-2222.4,-3625.82,0.933459,-0.924,515.457,
-4500,-2000,-400,-2000,-2206.53,-3639.79,0.869601,-0.924,515.457,
-4500,-2000,-400,-2000,-2188.83,-3653.41,0.802157,-0.798,521.627,
-4500,-2000,-400,-2000,-2171.32,-3664.91,0.75325,-0.798,521.627,
-4500,-2000,-400,-2000,-2157.35,-3672.54,0.827279,-0.798,541.06,
-4500,-2000,-400,-2000,-2145.37,-3680.02,0.895456,-0.798,541.06,
-4500,-2000,-400,-2000,-2137.14,-3682.94,0.974877,-0.966,575.965,
-4500,-2000,-400,-2000,-2134.15,-3681.02,1.03339,-0.966,575.965,
-4500,-2000,-400,-2000,-2130.09,-3678.79,1.10968,-1.134,597.307,
-4500,-2000,-400,-2000,-2127.08,-3677.38,1.16445,-1.134,597.307,
-4500,-2000,-400,-2000,-2122.97,-3675.76,1.23727,-1.26,618.554,
-4500,-2000,-400,-2000,-2118.78,-3674.46,1.30952,-1.26,618.554,
-4500,-2000,-400,-2000,-2114.2,-3673.4,1.38695,-1.428,645.148,
-4500,-2000,-400,-2000,-2110.21,-3672.78,1.45346,-1.428,645.148,
-4500,-2000,-400,-2000,-2105.63,-3672.4,1.52918,-1.596,673.975,
-4500,-2000,-400,-2000,-2101.21,-3672.35,1.60193,-1.596,673.975,
-4500,-2000,-400,-2000,-2096.85,-3672.63,1.67398,-1.764,705.131,
-4500,-2000,-400,-2000,-2092.75,-3673.18,1.74202,-1.764,705.131,
-4500,-2000,-400,-2000,-2088.78,-3673.99,1.8089,1.344,719.973,
-4500,-2000,-400,-2000,-2084.58,-3675.14,1.88069,1.344,719.973,
-4500,-2000,-400,-2000,-2080.57,-3676.56,1.9507,1.218,693.211,
-4500,-2000,-400,-2000,-2076.52,-3678.33,2.02346,1.218,693.211,
-4500,-2000,-400,-2000,-2072.92,-3680.22,2.09039,1.05,662.719,
-4500,-2000,-400,-2000,-2069.54,-3682.28,2.15456,1.05,662.719,
-4500,-2000,-400,-2000,-2064.92,-3685.59,2.22267,0.924,637.38,
-4500,-2000,-400,-2000,-2061.75,-3687.87,2.15841,0.924,637.38,
-4500,-2000,-400,-2000,-2058.37,-3689.98,2.09269,1.05,648.706,
-4500,-2000,-400,-2000,-2054.44,-3692.08,2.01931,1.05,648.706,
-4500,-2000,-400,-2000,-2050.67,-3693.76,1.95129,1.176,670.158,
-4500,-2000,-400,-2000,-2046.56,-3695.25,1.87925,1.176,670.158,
-4500,-2000,-400,-2000,-2041.65,-3696.61,1.79534,1.302,693.642,
-4500,-2000,-400,-2000,-2037.8,-3697.38,1.73078,1.302,693.642,
-4500,-2000,-400,-2000,-2033.61,-3697.92,1.66111,1.47,720.907,
-4500,-2000,-400,-2000,-2028.99,-3698.18,1.58482,1.47,720.907,
-4500,-2000,-400,-2000,-2024.67,-3698.11,1.51366,-1.722,713.89,
-4500,-2000,-400,-2000,-2020.42,-3697.73,1.44349,-1.722,713.89,
-4500,-2000,-400,-2000,-2016.19,-3697.06,1.37283,-1.596,686.629,
-4500,-2000,-400,-2000,-2012.33,-3696.17,1.30758,-1.596,686.629,
-4500,-2000,-400,-2000,-2008.08,-3694.87,1.23444,-1.47,658.311,
-4500,-2000,-400,-2000,-2004.26,-3693.41,1.16699,-1.47,658.311,
-4500,-2000,-400,-2000,-2000.37,-3691.61,1.09644,-1.344,630.429,
-4500,-2000,-400,-2000,-1997.25,-3689.9,1.0378,-1.344,630.429,
-4500,-2000,-400,-2000,-1993.6,-3687.6,0.966823,-1.218,603.27,
-4500,-2000,-400,-2000,-1990.73,-3685.51,0.908343,-1.218,603.27,
-4500,-2000,-400,-2000,-1987.39,-3682.73,0.836754,-1.092,576.326,
-4500,-2000,-400,-2000,-1984.68,-3680.15,0.794322,-1.092,576.326,
-4500,-2000,-400,-2000,-1980.72,-3676.45,0.8545,-1.092,569.719,
-4500,-2000,-400,-2000,-1977.03,-3673.41,0.913183,-1.092,569.719,
-4500,-2000,-400,-2000,-1972.69,-3670.27,0.985771,-1.26,591.743,
-4500,-2000,-400,-2000,-1969.28,-3668.14,1.04564,-1.26,591.743,
-4500,-2000,-400,-2000,-1964.98,-3665.84,1.12421,-1.386,610.351,
-4500,-2000,-400,-2000,-1961.24,-3664.17,1.18448,-1.386,610.351,
-4500,-2000,-400,-2000,-1955.8,-3662.18,1.26152,-1.554,639.461,
-4500,-2000,-400,-2000,-1951.29,-3660.86,1.31817,-1.554,639.461,
-4500,-2000,-400,-2000,-1945.14,-3659.47,1.38672,-1.68,662.261,
-4500,-2000,-400,-2000,-1939.44,-3658.56,1.44297,-1.68,662.261,
-4500,-2000,-400,-2000,-1933.39,-3657.93,1.49639,-1.806,696.834,
-4500,-2000,-400,-2000,-1927.28,-3657.6,1.54484,-1.806,696.834,
-4500,-2000,-400,-2000,-1918.59,-3657.62,1.606,-1.932,713.791,
-4500,-2000,-400,-2000,-1912.27,-3657.95,1.64593,-1.932,713.791,
-4500,-2000,-400,-2000,-1903.02,-3658.86,1.69783,-2.058,743.041,
-4500,-2000,-400,-2000,-1894.83,-3660.06,1.73862,-2.058,743.041,
-4500,-2000,-400,-2000,-1886.13,-3661.68,1.7775,1.386,737.326,
-4500,-2000,-400,-2000,-1875.38,-3664.15,1.82029,1.386,737.326,
-4500,-2000,-400,-2000,-1862.62,-3667.68,1.86502,1.302,716.606,
-4500,-2000,-400,-2000,-1852.41,-3670.93,1.89691,1.302,716.606,
-4500,-2000,-400,-2000,-1838.44,-3675.93,1.92683,1.218,694.252,
-4500,-2000,-400,-2000,-1834.21,-3677.34,1.85341,1.218,694.252,
-4500,-2000,-400,-2000,-1830.08,-3678.4,1.7832,1.344,716.397,
-4500,-2000,-400,-2000,-1826.1,-3679.14,1.71636,1.344,716.397,
-4500,-2000,-400,-2000,-1821.81,-3679.63,1.64529,1.47,742.027,
-4500,-2000,-400,-2000,-1817.6,-3679.82,1.57595,1.47,742.027,
-4500,-2000,-400,-2000,-1813.81,-3679.73,1.51342,-1.974,762.564,
-4500,-2000,-400,-2000,-1810.04,-3679.41,1.45119,-1.974,762.564,
-4500,-2000,-400,-2000,-1805.68,-3678.75,1.37842,-1.89,745.899,
-4500,-2000,-400,-2000,-1802,-3677.93,1.31632,-1.89,745.899,
-4500,-2000,-400,-2000,-1797.57,-3676.61,1.24019,-1.764,715.637,
-4500,-2000,-400,-2000,-1793.67,-3675.14,1.1716,-1.764,715.637,
-4500,-2000,-400,-2000,-1790.29,-3673.61,1.11039,-1.638,687.879,
-4500,-2000,-400,-2000,-1786.53,-3671.6,1.04021,-1.638,687.879,
-4500,-2000,-400,-2000,-1783.43,-3669.67,0.980055,-1.554,673.978,
-4500,-2000,-400,-2000,-1780.29,-3667.44,0.916548,-1.554,673.978,
-4500,-2000,-400,-2000,-1776.76,-3664.53,0.841223,-1.428,645.141,
-4500,-2000,-400,-2000,-1773.98,-3661.91,0.778283,-1.428,645.141,
-4500,-2000,-400,-2000,-1771.16,-3658.88,0.71012,-1.302,618.107,
-4500,-2000,-400,-2000,-1768.73,-3655.88,0.646517,-1.302,618.107,
-4500,-2000,-400,-2000,-1765.84,-3651.75,0.563426,-1.134,583.924,
-4500,-2000,-400,-2000,-1763.93,-3648.53,0.52185,-1.134,583.924,
-4500,-2000,-400,-2000,-1760.55,-3643.04,0.589606,-1.134,574.448,
-4500,-2000,-400,-2000,-1757.52,-3638.75,0.644758,-1.134,574.448,
-4500,-2000,-400,-2000,-1753.35,-3633.54,0.714845,-1.302,594.67,
-4500,-2000,-400,-2000,-1750.09,-3629.95,0.765876,-1.302,594.67,
-4500,-2000,-400,-2000,-1746.15,-3626.05,0.82406,-1.428,611.544,
-4500,-2000,-400,-2000,-1742.48,-3622.8,0.875518,-1.428,611.544,
-4500,-2000,-400,-2000,-1737.43,-3618.84,0.942973,-1.596,646.122,
-4500,-2000,-400,-2000,-1732.78,-3615.65,1.00222,-1.596,646.122,
-4500,-2000,-400,-2000,-1727.61,-3612.54,1.06558,-1.722,668.046,
-4500,-2000,-400,-2000,-1723.31,-3610.29,1.11655,-1.722,668.046,
-4500,-2000,-400,-2000,-1717.88,-3607.82,1.17925,-1.848,694.731,
-4500,-2000,-400,-2000,-1712.19,-3605.66,1.24312,-1.848,694.731,
-4500,-2000,-400,-2000,-1706.94,-3604.02,1.30092,-1.974,720.644,
-4500,-2000,-400,-2000,-1702,-3602.77,1.35448,-1.974,720.644,
-4500,-2000,-400,-2000,-1696.59,-3601.73,1.41236,-2.058,751.551,
-4500,-2000,-400,-2000,-1690.62,-3600.95,1.47558,-2.058,751.551,
-4500,-2000,-400,-2000,-1684.59,-3600.54,1.53906,1.596,847.603,
-4500,-2000,-400,-2000,-1678.48,-3600.52,1.60321,1.596,847.603,
-4500,-2000,-400,-2000,-1673.02,-3600.83,1.66068,1.47,821.976,
-4500,-2000,-400,-2000,-1667.24,-3601.51,1.72183,1.47,821.976,
-4500,-2000,-400,-2000,-1662,-3602.44,1.76268,1.386,797.059,
-4500,-2000,-400,-2000,-1657.95,-3603.1,1.69504,1.386,797.059,
-4500,-2000,-400,-2000,-1654.26,-3603.46,1.63395,1.512,822.314,
-4500,-2000,-400,-2000,-1650.19,-3603.6,1.56686,1.512,822.314,
-4500,-2000,-400,-2000,-1646.07,-3603.46,1.49895,1.638,847.837,
-4500,-2000,-400,-2000,-1641.94,-3603.04,1.43055,1.638,847.837,
-4500,-2000,-400,-2000,-1637.86,-3602.34,1.36242,-2.058,804.593,
-4500,-2000,-400,-2000,-1634.37,-3601.51,1.30342,-2.058,804.593,
-4500,-2000,-400,-2000,-1630.5,-3600.32,1.23663,-2.016,762.296,
-4500,-2000,-400,-2000,-1626.9,-3598.96,1.17323,-2.016,762.296,
-4500,-2000,-400,-2000,-1622.76,-3597.06,1.09829,-1.89,730.432,
-4500,-2000,-400,-2000,-1619.54,-3595.31,1.03783,-1.89,730.432,
-4500,-2000,-400,-2000,-1615.41,-3592.66,0.957062,-1.764,709.563,
-4500,-2000,-400,-2000,-1612.09,-3590.18,0.888742,-1.764,709.563,
-4500,-2000,-400,-2000,-1608.83,-3587.36,0.817746,-1.638,691.174,
-4500,-2000,-400,-2000,-1606.29,-3584.85,0.758962,-1.638,691.174,
-4500,-2000,-400,-2000,-1603.35,-3581.54,0.685991,-1.554,663.994,
-4500,-2000,-400,-2000,-1601.13,-3578.68,0.626318,-1.554,663.994,
-4500,-2000,-400,-2000,-1598.35,-3574.53,0.543984,-1.386,635.112,
-4500,-2000,-400,-2000,-1596.51,-3571.3,0.482874,-1.386,635.112,
-4500,-2000,-400,-2000,-1594.73,-3567.65,0.433694,-1.26,603.538,
-4500,-2000,-400,-2000,-1592.86,-3563.9,0.502675,-1.26,603.538,
-4500,-2000,-400,-2000,-1590.76,-3560.33,0.57084,-1.428,619.57,
-4500,-2000,-400,-2000,-1588.59,-3557.16,0.634119,-1.428,619.57,
-4500,-2000,-400,-2000,-1585.97,-3553.82,0.704087,-1.596,653.046,
-4500,-2000,-400,-2000,-1583.6,-3551.16,0.762732,-1.596,653.046,
-4500,-2000,-400,-2000,-1580.09,-3547.75,0.843464,-1.722,673.984,
-4500,-2000,-400,-2000,-1576.95,-3545.12,0.910916,-1.722,673.984,
-4500,-2000,-400,-2000,-1573.45,-3542.57,0.982137,-1.848,710.354,
-4500,-2000,-400,-2000,-1570.33,-3540.61,1.04289,-1.848,710.354,
-4500,-2000,-400,-2000,-1565.51,-3538.05,1.13277,-1.974,745.235,
-4500,-2000,-400,-2000,-1562.55,-3536.75,1.18602,-1.974,745.235,
-4500,-2000,-400,-2000,-1558.21,-3535.16,1.26231,-2.058,803.386,
-4500,-2000,-400,-2000,-1554,-3533.96,1.33433,-2.058,803.386,
-4500,-2000,-400,-2000,-1549.81,-3533.09,1.40486,1.764,941.503,
-4500,-2000,-400,-2000,-1545.71,-3532.53,1.47294,1.764,941.503,
-4500,-2000,-400,-2000,-1540.92,-3532.23,1.55208,1.596,914.795,
-4500,-2000,-400,-2000,-1537.67,-3532.24,1.60566,1.596,914.795,
-4500,-2000,-400,-2000,-1533.01,-3532.56,1.68263,1.47,887.972,
-4500,-2000,-400,-2000,-1528.67,-3533.19,1.7549,1.47,887.972,
-4500,-2000,-400,-2000,-1524.52,-3534.1,1.82477,1.344,857.524,
-4500,-2000,-400,-2000,-1520.29,-3535.34,1.88459,1.344,857.524,
-4500,-2000,-400,-2000,-1516.14,-3536.55,1.81334,1.302,852.353,
-4500,-2000,-400,-2000,-1511.51,-3537.52,1.73548,1.302,852.353,
-4500,-2000,-400,-2000,-1507.65,-3538.06,1.67131,1.47,878.278,
-4500,-2000,-400,-2000,-1503.54,-3538.35,1.60346,1.47,878.278,
-4500,-2000,-400,-2000,-1499.85,-3538.37,1.54258,1.596,905.814,
-4500,-2000,-400,-2000,-1495.43,-3538.1,1.46971,1.596,905.814,
-4500,-2000,-400,-2000,-1491.02,-3537.51,1.39637,1.722,933.205,
-4500,-2000,-400,-2000,-1486.66,-3536.59,1.32291,1.722,933.205,
-4500,-2000,-400,-2000,-1482.79,-3535.49,1.2566,-2.058,927.047,
-4500,-2000,-400,-2000,-1478.94,-3534.12,1.18933,-2.058,927.047,
-4500,-2000,-400,-2000,-1475.08,-3532.43,1.11987,-2.058,828.701,
-4500,-2000,-400,-2000,-1471.08,-3530.33,1.04557,-2.058,828.701,
-4500,-2000,-400,-2000,-1467.42,-3528.05,0.974372,-1.974,785.241,
-4500,-2000,-400,-2000,-1464.36,-3525.85,0.912294,-1.974,785.241,
-4500,-2000,-400,-2000,-1460.72,-3522.83,0.834418,-1.848,766.778,
-4500,-2000,-400,-2000,-1458.05,-3520.28,0.773625,-1.848,766.778,
-4500,-2000,-400,-2000,-1454.8,-3516.71,0.694104,-1.722,749.557,
-4500,-2000,-400,-2000,-1452.5,-3513.79,0.632769,-1.722,749.557,
-4500,-2000,-400,-2000,-1450.09,-3510.29,0.562826,-1.596,719.005,
-4500,-2000,-400,-2000,-1448.19,-3507.09,0.501612,-1.596,719.005,
-4500,-2000,-400,-2000,-1444.02,-3498.35,0.424854,-1.512,688.626,
-4500,-2000,-400,-2000,-1433.24,-3474.4,0.420052,-1.512,688.626,
-4500,-2000,-400,-2000,-1418.97,-3442.29,0.416134,-1.554,683.039,
-4500,-2000,-400,-2000,-1407.68,-3416.69,0.414463,-1.554,683.039,
-4500,-2000,-400,-2000,-1389.66,-3375.7,0.414371,-1.68,680.245,
-4500,-2000,-400,-2000,-1375.53,-3343.63,0.415971,-1.68,680.245,
-4500,-2000,-400,-2000,-1357.86,-3303.86,0.420673,-1.764,696.042,
-4500,-2000,-400,-2000,-1347.02,-3279.73,0.425152,-1.764,696.042,
-4500,-2000,-400,-2000,-1332.77,-3248.57,0.433572,-1.89,714.099,
-4500,-2000,-400,-2000,-1321.68,-3224.83,0.442029,-1.89,714.099,
-4500,-2000,-400,-2000,-1308.58,-3197.55,0.454791,-1.974,738.265,
-4500,-2000,-400,-2000,-1297.78,-3175.77,0.467473,-1.974,738.265,
-4500,-2000,-400,-2000,-1285.17,-3151.25,0.484525,-2.058,764.026,
-4500,-2000,-400,-2000,-1274.14,-3130.56,0.496402,-2.058,764.026,
-4500,-2000,-400,-2000,-1259.33,-3103.58,0.508671,-2.058,795.757,
-4500,-2000,-400,-2000,-1246.38,-3080.55,0.516985,-2.058,795.757,
-4500,-2000,-400,-2000,-1227.4,-3047.48,0.525867,-2.058,827.85,
-4500,-2000,-400,-2000,-1212.63,-3022.14,0.530389,-2.058,827.85,
-4500,-2000,-400,-2000,-1192.96,-2988.74,0.534169,-2.058,865.041,
-4500,-2000,-400,-2000,-1175.79,-2959.75,0.535565,-2.058,865.041,
-4500,-2000,-400,-2000,-1151.59,-2918.96,0.535073,-2.058,906.697,
-4500,-2000,-400,-2000,-1133.48,-2888.33,0.52998,-2.058,906.697,
-4500,-2000,-400,-2000,-1122.21,-2868.71,0.512739,-2.058,933.144,
-4500,-2000,-400,-2000,-1113.56,-2853.66,0.533471,-2.058,933.144,
-4500,-2000,-400,-2000,-1101.86,-2834.38,0.560405,-2.058,962.965,
-4500,-2000,-400,-2000,-1092.56,-2819.84,0.581007,-2.058,962.965,
-4500,-2000,-400,-2000,-1079.46,-2800.43,0.608977,1.344,978.247,
-4500,-2000,-400,-2000,-1069.89,-2786.96,0.628703,1.344,978.247,
-4500,-2000,-400,-2000,-1058,-2770.95,0.652518,1.344,965.144,
-4500,-2000,-400,-2000,-1047.26,-2757.17,0.673375,1.344,965.144,
-4500,-2000,-400,-2000,-1032.88,-2739.58,0.700513,1.344,951.44,
-4500,-2000,-400,-2000,-1021.39,-2726.21,0.721555,1.344,951.44,
-4500,-2000,-400,-2000,-1007.27,-2710.52,0.746762,1.302,934.526,
-4500,-2000,-400,-2000,-995.096,-2697.6,0.767959,1.302,934.526,
-4500,-2000,-400,-2000,-981.749,-2684.06,0.790667,1.302,902.098,
-4500,-2000,-400,-2000,-969.239,-2671.9,0.811497,1.302,902.098,
-4500,-2000,-400,-2000,-953.039,-2656.89,0.837874,1.302,888.239,
-4500,-2000,-400,-2000,-939.866,-2645.24,0.858867,1.302,888.239,
-4500,-2000,-400,-2000,-923.161,-2631.16,0.884958,1.302,873.871,
-4500,-2000,-400,-2000,-909.573,-2620.24,0.905771,1.302,873.871,
-4500,-2000,-400,-2000,-893.869,-2608.19,0.929409,1.302,857.94,
-4500,-2000,-400,-2000,-880.644,-2598.49,0.945283,1.302,857.94,
-4500,-2000,-400,-2000,-877.065,-2595.72,0.870735,1.344,861.059,
-4500,-2000,-400,-2000,-874.263,-2593.23,0.808954,1.344,861.059,
-4500,-2000,-400,-2000,-870.817,-2589.69,0.727586,1.512,874.717,
-4500,-2000,-400,-2000,-868.345,-2586.75,0.66439,1.512,874.717,
-4500,-2000,-400,-2000,-865.671,-2583.1,0.589733,1.68,913.574,
-4500,-2000,-400,-2000,-863.576,-2579.77,0.524909,1.68,913.574,
-4500,-2000,-400,-2000,-861.305,-2575.51,0.445389,1.806,932.434,
-4500,-2000,-400,-2000,-859.772,-2572.06,0.383233,1.806,932.434,
-4500,-2000,-400,-2000,-858.213,-2567.79,0.308319,1.974,978.682,
-4500,-2000,-400,-2000,-857.18,-2564.22,0.247188,1.974,978.682,
-4500,-2000,-400,-2000,-856.308,-2560.28,0.180739,2.1,1007.1,
-4500,-2000,-400,-2000,-855.705,-2556.35,0.115203,2.1,1007.1,
-4500,-2000,-400,-2000,-855.358,-2552.33,0.0486833,-1.638,1117.16,
-4500,-2000,-400,-2000,-855.279,-2548.27,-0.0182369,-1.638,1117.16,
-4500,-2000,-400,-2000,-855.517,-2543.67,-0.0940507,-1.512,1090.34,
-4500,-2000,-400,-2000,-856.093,-2539.17,-0.168772,-1.512,1090.34,
-4500,-2000,-400,-2000,-856.936,-2535,-0.238937,-1.344,1060.63,
-4500,-2000,-400,-2000,-857.866,-2531.56,-0.297638,-1.344,1060.63,
-4500,-2000,-400,-2000,-859.396,-2527.12,-0.374985,-1.218,1031.58,
-4500,-2000,-400,-2000,-860.847,-2523.7,-0.436154,-1.218,1031.58,
-4500,-2000,-400,-2000,-863.052,-2519.38,-0.50638,-1.05,1000.89,
-4500,-2000,-400,-2000,-864.951,-2515.7,-0.438165,-1.05,1000.89,
-4500,-2000,-400,-2000,-866.768,-2511.46,-0.362131,-1.176,1019.86,
-4500,-2000,-400,-2000,-867.855,-2508.38,-0.308277,-1.176,1019.86,
-4500,-2000,-400,-2000,-869.193,-2503.57,-0.226089,-1.344,1043.81,
-4500,-2000,-400,-2000,-869.928,-2499.94,-0.165008,-1.344,1043.81,
-4500,-2000,-400,-2000,-870.529,-2495.39,-0.0894141,-1.47,1070.85,
-4500,-2000,-400,-2000,-870.767,-2491.52,-0.0255539,-1.47,1070.85,
-4500,-2000,-400,-2000,-870.718,-2486.6,0.0555174,-1.596,1096.83,
-4500,-2000,-400,-2000,-870.373,-2482.53,0.1227,-1.596,1096.83,
-4500,-2000,-400,-2000,-869.752,-2478.49,0.190056,2.1,1097.68,
-4500,-2000,-400,-2000,-868.978,-2474.96,0.24963,2.1,1097.68,
-4500,-2000,-400,-2000,-867.838,-2470.98,0.317741,2.016,1045.44,
-4500,-2000,-400,-2000,-866.611,-2467.56,0.377732,2.016,1045.44,
-4500,-2000,-400,-2000,-864.949,-2463.71,0.44674,1.932,1032.29,
-4500,-2000,-400,-2000,-863.539,-2460.92,0.498172,1.932,1032.29,
-4500,-2000,-400,-2000,-860.886,-2456.46,0.58371,1.806,997.565,
-4500,-2000,-400,-2000,-858.713,-2453.36,0.646102,1.806,997.565,
-4500,-2000,-400,-2000,-855.74,-2449.69,0.723969,1.68,973.024,
-4500,-2000,-400,-2000,-853.198,-2446.96,0.785358,1.68,973.024,
-4500,-2000,-400,-2000,-849.646,-2443.65,0.865293,1.512,953.584,
-4500,-2000,-400,-2000,-846.396,-2441.05,0.920466,1.512,953.584,
-4500,-2000,-400,-2000,-838.543,-2434.85,0.879668,1.512,934.457,
-4500,-2000,-400,-2000,-830.48,-2427.92,0.836293,1.512,934.457,
-4500,-2000,-400,-2000,-821.981,-2419.91,0.78868,1.638,963.405,
-4500,-2000,-400,-2000,-815.522,-2413.28,0.750928,1.638,963.405,
-4500,-2000,-400,-2000,-808.062,-2404.96,0.705343,1.722,972.828,
-4500,-2000,-400,-2000,-803.155,-2399.04,0.673987,1.722,972.828,
-4500,-2000,-400,-2000,-795.507,-2388.99,0.622505,1.806,999.361,
-4500,-2000,-400,-2000,-789.685,-2380.56,0.580707,1.806,999.361,
-4500,-2000,-400,-2000,-783.794,-2371.18,0.535525,1.932,1008.17,
-4500,-2000,-400,-2000,-778.941,-2362.66,0.495562,1.932,1008.17,
-4500,-2000,-400,-2000,-773.553,-2352.17,0.447455,2.016,1041.34,
-4500,-2000,-400,-2000,-769.529,-2343.4,0.408111,2.016,1041.34,
-4500,-2000,-400,-2000,-765.473,-2333.5,0.364474,2.1,1085.35,
-4500,-2000,-400,-2000,-762.224,-2324.53,0.325561,2.1,1085.35,
-4500,-2000,-400,-2000,-758.597,-2312.94,0.276042,-1.848,1257.64,
-4500,-2000,-400,-2000,-756.425,-2304.83,0.241785,-1.848,1257.64,
-4500,-2000,-400,-2000,-753.959,-2293.87,0.195986,-1.764,1246.6,
-4500,-2000,-400,-2000,-752.387,-2285.26,0.160308,-1.764,1246.6,
-4500,-2000,-400,-2000,-750.809,-2274.05,0.114126,-1.68,1234.89,
-4500,-2000,-400,-2000,-749.904,-2264.82,0.0763104,-1.68,1234.89,
